"Month_val","Amount_val","@ROWID","@RECORDID","@PARENT","@PARENTROWID"
"2014-02","1","83028b6625c41a07b88fa0ac45ae36ce6b8bcd45-0-39f79b0fd7efaf642ac21bb9b02142ce7e815df6","83028b6625c41a07b88fa0ac45ae36ce6b8bcd45","root.record.ItemExhibitList.P5Item.CostElementCategoryList.Support.CostElementList.CostElement.ManufacturerList.Manufacturer.HistoryPlanningList.HistoryPlanning","83028b6625c41a07b88fa0ac45ae36ce6b8bcd45-0-b99be965993e59635a5fb5ad84340fb2dfc6cc05"
"2014-03","1","83028b6625c41a07b88fa0ac45ae36ce6b8bcd45-1-1a7f12d954ee7c5f5a59fe0026f206ae608f2580","83028b6625c41a07b88fa0ac45ae36ce6b8bcd45","root.record.ItemExhibitList.P5Item.CostElementCategoryList.Support.CostElementList.CostElement.ManufacturerList.Manufacturer.HistoryPlanningList.HistoryPlanning","83028b6625c41a07b88fa0ac45ae36ce6b8bcd45-0-b99be965993e59635a5fb5ad84340fb2dfc6cc05"
"2014-04","1","83028b6625c41a07b88fa0ac45ae36ce6b8bcd45-2-56f82d1323ce5c392269e65e482a6df8a1bfffa3","83028b6625c41a07b88fa0ac45ae36ce6b8bcd45","root.record.ItemExhibitList.P5Item.CostElementCategoryList.Support.CostElementList.CostElement.ManufacturerList.Manufacturer.HistoryPlanningList.HistoryPlanning","83028b6625c41a07b88fa0ac45ae36ce6b8bcd45-0-b99be965993e59635a5fb5ad84340fb2dfc6cc05"
"2014-05","1","83028b6625c41a07b88fa0ac45ae36ce6b8bcd45-3-2667ebbf3e67374c30e7a694416cb84139f21822","83028b6625c41a07b88fa0ac45ae36ce6b8bcd45","root.record.ItemExhibitList.P5Item.CostElementCategoryList.Support.CostElementList.CostElement.ManufacturerList.Manufacturer.HistoryPlanningList.HistoryPlanning","83028b6625c41a07b88fa0ac45ae36ce6b8bcd45-0-b99be965993e59635a5fb5ad84340fb2dfc6cc05"
"2015-02","1","83028b6625c41a07b88fa0ac45ae36ce6b8bcd45-0-8d89192cc0bd0bcbedab7a22a8d58396f08f773e","83028b6625c41a07b88fa0ac45ae36ce6b8bcd45","root.record.ItemExhibitList.P5Item.CostElementCategoryList.Support.CostElementList.CostElement.ManufacturerList.Manufacturer.HistoryPlanningList.HistoryPlanning","83028b6625c41a07b88fa0ac45ae36ce6b8bcd45-1-e2f1d1606fb44c6fa9e72811ee3db5e5dc8c7c5e"
"2015-03","1","83028b6625c41a07b88fa0ac45ae36ce6b8bcd45-1-e87988ab2d151ec7bd40ad328997894da84238bd","83028b6625c41a07b88fa0ac45ae36ce6b8bcd45","root.record.ItemExhibitList.P5Item.CostElementCategoryList.Support.CostElementList.CostElement.ManufacturerList.Manufacturer.HistoryPlanningList.HistoryPlanning","83028b6625c41a07b88fa0ac45ae36ce6b8bcd45-1-e2f1d1606fb44c6fa9e72811ee3db5e5dc8c7c5e"
"2015-04","1","83028b6625c41a07b88fa0ac45ae36ce6b8bcd45-2-741edfd4e474b6aaff30db6bc7fc379cca82bf67","83028b6625c41a07b88fa0ac45ae36ce6b8bcd45","root.record.ItemExhibitList.P5Item.CostElementCategoryList.Support.CostElementList.CostElement.ManufacturerList.Manufacturer.HistoryPlanningList.HistoryPlanning","83028b6625c41a07b88fa0ac45ae36ce6b8bcd45-1-e2f1d1606fb44c6fa9e72811ee3db5e5dc8c7c5e"
"2015-05","1","83028b6625c41a07b88fa0ac45ae36ce6b8bcd45-3-61e23cd6baeca517c872a57bcd5b0ea16016c1de","83028b6625c41a07b88fa0ac45ae36ce6b8bcd45","root.record.ItemExhibitList.P5Item.CostElementCategoryList.Support.CostElementList.CostElement.ManufacturerList.Manufacturer.HistoryPlanningList.HistoryPlanning","83028b6625c41a07b88fa0ac45ae36ce6b8bcd45-1-e2f1d1606fb44c6fa9e72811ee3db5e5dc8c7c5e"
"2015-06","1","83028b6625c41a07b88fa0ac45ae36ce6b8bcd45-4-9d9c73f8c9bf2ef9916619b4fb7f616f77e76676","83028b6625c41a07b88fa0ac45ae36ce6b8bcd45","root.record.ItemExhibitList.P5Item.CostElementCategoryList.Support.CostElementList.CostElement.ManufacturerList.Manufacturer.HistoryPlanningList.HistoryPlanning","83028b6625c41a07b88fa0ac45ae36ce6b8bcd45-1-e2f1d1606fb44c6fa9e72811ee3db5e5dc8c7c5e"
"2015-07","1","83028b6625c41a07b88fa0ac45ae36ce6b8bcd45-5-63728e8fd580d959c5c9f32165c9994b07f89a8c","83028b6625c41a07b88fa0ac45ae36ce6b8bcd45","root.record.ItemExhibitList.P5Item.CostElementCategoryList.Support.CostElementList.CostElement.ManufacturerList.Manufacturer.HistoryPlanningList.HistoryPlanning","83028b6625c41a07b88fa0ac45ae36ce6b8bcd45-1-e2f1d1606fb44c6fa9e72811ee3db5e5dc8c7c5e"
"2015-08","1","83028b6625c41a07b88fa0ac45ae36ce6b8bcd45-6-44d75124c4aceaa8787135273bf3d607c6a1f4b2","83028b6625c41a07b88fa0ac45ae36ce6b8bcd45","root.record.ItemExhibitList.P5Item.CostElementCategoryList.Support.CostElementList.CostElement.ManufacturerList.Manufacturer.HistoryPlanningList.HistoryPlanning","83028b6625c41a07b88fa0ac45ae36ce6b8bcd45-1-e2f1d1606fb44c6fa9e72811ee3db5e5dc8c7c5e"
"2015-09","1","83028b6625c41a07b88fa0ac45ae36ce6b8bcd45-7-0719dcec07fb2cf5fcb95b378836f0e20514f683","83028b6625c41a07b88fa0ac45ae36ce6b8bcd45","root.record.ItemExhibitList.P5Item.CostElementCategoryList.Support.CostElementList.CostElement.ManufacturerList.Manufacturer.HistoryPlanningList.HistoryPlanning","83028b6625c41a07b88fa0ac45ae36ce6b8bcd45-1-e2f1d1606fb44c6fa9e72811ee3db5e5dc8c7c5e"
"2015-10","1","83028b6625c41a07b88fa0ac45ae36ce6b8bcd45-8-34a1de881a7668a98f5ad7c0f37d8eee717e1142","83028b6625c41a07b88fa0ac45ae36ce6b8bcd45","root.record.ItemExhibitList.P5Item.CostElementCategoryList.Support.CostElementList.CostElement.ManufacturerList.Manufacturer.HistoryPlanningList.HistoryPlanning","83028b6625c41a07b88fa0ac45ae36ce6b8bcd45-1-e2f1d1606fb44c6fa9e72811ee3db5e5dc8c7c5e"
"2015-11","1","83028b6625c41a07b88fa0ac45ae36ce6b8bcd45-9-534a09f4598a001c0bf2ae34c76a048a188d5976","83028b6625c41a07b88fa0ac45ae36ce6b8bcd45","root.record.ItemExhibitList.P5Item.CostElementCategoryList.Support.CostElementList.CostElement.ManufacturerList.Manufacturer.HistoryPlanningList.HistoryPlanning","83028b6625c41a07b88fa0ac45ae36ce6b8bcd45-1-e2f1d1606fb44c6fa9e72811ee3db5e5dc8c7c5e"
"2015-12","1","83028b6625c41a07b88fa0ac45ae36ce6b8bcd45-10-2e931b65411550108c6c629a627a3a23dfa83cc7","83028b6625c41a07b88fa0ac45ae36ce6b8bcd45","root.record.ItemExhibitList.P5Item.CostElementCategoryList.Support.CostElementList.CostElement.ManufacturerList.Manufacturer.HistoryPlanningList.HistoryPlanning","83028b6625c41a07b88fa0ac45ae36ce6b8bcd45-1-e2f1d1606fb44c6fa9e72811ee3db5e5dc8c7c5e"
"2016-01","1","83028b6625c41a07b88fa0ac45ae36ce6b8bcd45-11-552b32a81601341ac01a0312c4e6f92142965d52","83028b6625c41a07b88fa0ac45ae36ce6b8bcd45","root.record.ItemExhibitList.P5Item.CostElementCategoryList.Support.CostElementList.CostElement.ManufacturerList.Manufacturer.HistoryPlanningList.HistoryPlanning","83028b6625c41a07b88fa0ac45ae36ce6b8bcd45-1-e2f1d1606fb44c6fa9e72811ee3db5e5dc8c7c5e"
"2016-02","1","83028b6625c41a07b88fa0ac45ae36ce6b8bcd45-0-69e4b588ca0168a13d653b8ac4a4d62442009e9f","83028b6625c41a07b88fa0ac45ae36ce6b8bcd45","root.record.ItemExhibitList.P5Item.CostElementCategoryList.Support.CostElementList.CostElement.ManufacturerList.Manufacturer.HistoryPlanningList.HistoryPlanning","83028b6625c41a07b88fa0ac45ae36ce6b8bcd45-2-e5c9a2ab79bbb55104c2f587dd88cf55d2f4abb9"
"2016-03","1","83028b6625c41a07b88fa0ac45ae36ce6b8bcd45-1-33d9df3dcadf9ea97e8826788acfd7cb9dadd056","83028b6625c41a07b88fa0ac45ae36ce6b8bcd45","root.record.ItemExhibitList.P5Item.CostElementCategoryList.Support.CostElementList.CostElement.ManufacturerList.Manufacturer.HistoryPlanningList.HistoryPlanning","83028b6625c41a07b88fa0ac45ae36ce6b8bcd45-2-e5c9a2ab79bbb55104c2f587dd88cf55d2f4abb9"
"2016-04","1","83028b6625c41a07b88fa0ac45ae36ce6b8bcd45-2-344d867d7452f0ca8702cd9685c00d44b4bfa60c","83028b6625c41a07b88fa0ac45ae36ce6b8bcd45","root.record.ItemExhibitList.P5Item.CostElementCategoryList.Support.CostElementList.CostElement.ManufacturerList.Manufacturer.HistoryPlanningList.HistoryPlanning","83028b6625c41a07b88fa0ac45ae36ce6b8bcd45-2-e5c9a2ab79bbb55104c2f587dd88cf55d2f4abb9"
"2016-05","1","83028b6625c41a07b88fa0ac45ae36ce6b8bcd45-3-802752a77dee861adeb0d8b3c7a4fdec1ac0c549","83028b6625c41a07b88fa0ac45ae36ce6b8bcd45","root.record.ItemExhibitList.P5Item.CostElementCategoryList.Support.CostElementList.CostElement.ManufacturerList.Manufacturer.HistoryPlanningList.HistoryPlanning","83028b6625c41a07b88fa0ac45ae36ce6b8bcd45-2-e5c9a2ab79bbb55104c2f587dd88cf55d2f4abb9"
"2016-06","1","83028b6625c41a07b88fa0ac45ae36ce6b8bcd45-4-4d590d37c86f0d7a2ff301cb2a57bbbbe1915e77","83028b6625c41a07b88fa0ac45ae36ce6b8bcd45","root.record.ItemExhibitList.P5Item.CostElementCategoryList.Support.CostElementList.CostElement.ManufacturerList.Manufacturer.HistoryPlanningList.HistoryPlanning","83028b6625c41a07b88fa0ac45ae36ce6b8bcd45-2-e5c9a2ab79bbb55104c2f587dd88cf55d2f4abb9"
"2016-07","1","83028b6625c41a07b88fa0ac45ae36ce6b8bcd45-5-9a1bf36ca70f220b4c88f823390784c0810ba7ae","83028b6625c41a07b88fa0ac45ae36ce6b8bcd45","root.record.ItemExhibitList.P5Item.CostElementCategoryList.Support.CostElementList.CostElement.ManufacturerList.Manufacturer.HistoryPlanningList.HistoryPlanning","83028b6625c41a07b88fa0ac45ae36ce6b8bcd45-2-e5c9a2ab79bbb55104c2f587dd88cf55d2f4abb9"
"2016-08","1","83028b6625c41a07b88fa0ac45ae36ce6b8bcd45-6-a8a96601f0925fc695689e54174bc282c419cea8","83028b6625c41a07b88fa0ac45ae36ce6b8bcd45","root.record.ItemExhibitList.P5Item.CostElementCategoryList.Support.CostElementList.CostElement.ManufacturerList.Manufacturer.HistoryPlanningList.HistoryPlanning","83028b6625c41a07b88fa0ac45ae36ce6b8bcd45-2-e5c9a2ab79bbb55104c2f587dd88cf55d2f4abb9"
"2016-09","1","83028b6625c41a07b88fa0ac45ae36ce6b8bcd45-7-250f3d02f5d9fcf62918db7d7efb89257b3d1dd1","83028b6625c41a07b88fa0ac45ae36ce6b8bcd45","root.record.ItemExhibitList.P5Item.CostElementCategoryList.Support.CostElementList.CostElement.ManufacturerList.Manufacturer.HistoryPlanningList.HistoryPlanning","83028b6625c41a07b88fa0ac45ae36ce6b8bcd45-2-e5c9a2ab79bbb55104c2f587dd88cf55d2f4abb9"
"2016-10","1","83028b6625c41a07b88fa0ac45ae36ce6b8bcd45-8-93c4c6a4311423c8f298911bd3ee92667ca0a7f8","83028b6625c41a07b88fa0ac45ae36ce6b8bcd45","root.record.ItemExhibitList.P5Item.CostElementCategoryList.Support.CostElementList.CostElement.ManufacturerList.Manufacturer.HistoryPlanningList.HistoryPlanning","83028b6625c41a07b88fa0ac45ae36ce6b8bcd45-2-e5c9a2ab79bbb55104c2f587dd88cf55d2f4abb9"
"2016-11","1","83028b6625c41a07b88fa0ac45ae36ce6b8bcd45-9-c5c64fc30ad71da6b5f529e66e0a30969e72bf97","83028b6625c41a07b88fa0ac45ae36ce6b8bcd45","root.record.ItemExhibitList.P5Item.CostElementCategoryList.Support.CostElementList.CostElement.ManufacturerList.Manufacturer.HistoryPlanningList.HistoryPlanning","83028b6625c41a07b88fa0ac45ae36ce6b8bcd45-2-e5c9a2ab79bbb55104c2f587dd88cf55d2f4abb9"
"2016-12","1","83028b6625c41a07b88fa0ac45ae36ce6b8bcd45-10-905772675aaefd412bb8a0ba1fecc8da5dd04b18","83028b6625c41a07b88fa0ac45ae36ce6b8bcd45","root.record.ItemExhibitList.P5Item.CostElementCategoryList.Support.CostElementList.CostElement.ManufacturerList.Manufacturer.HistoryPlanningList.HistoryPlanning","83028b6625c41a07b88fa0ac45ae36ce6b8bcd45-2-e5c9a2ab79bbb55104c2f587dd88cf55d2f4abb9"
"2017-01","1","83028b6625c41a07b88fa0ac45ae36ce6b8bcd45-11-e54eede214ca20e42ea635244c6ba28772e31700","83028b6625c41a07b88fa0ac45ae36ce6b8bcd45","root.record.ItemExhibitList.P5Item.CostElementCategoryList.Support.CostElementList.CostElement.ManufacturerList.Manufacturer.HistoryPlanningList.HistoryPlanning","83028b6625c41a07b88fa0ac45ae36ce6b8bcd45-2-e5c9a2ab79bbb55104c2f587dd88cf55d2f4abb9"
"2017-02","1","83028b6625c41a07b88fa0ac45ae36ce6b8bcd45-0-a4d95fe10a35064294a6f84bf2dbcede0688cd8c","83028b6625c41a07b88fa0ac45ae36ce6b8bcd45","root.record.ItemExhibitList.P5Item.CostElementCategoryList.Support.CostElementList.CostElement.ManufacturerList.Manufacturer.HistoryPlanningList.HistoryPlanning","83028b6625c41a07b88fa0ac45ae36ce6b8bcd45-3-48c9303ce8cc426e432461a08a41bd5d48f6c5cb"
"2017-03","1","83028b6625c41a07b88fa0ac45ae36ce6b8bcd45-1-1cdae19e0ecacdb31860d35e6626ac57096e9c6d","83028b6625c41a07b88fa0ac45ae36ce6b8bcd45","root.record.ItemExhibitList.P5Item.CostElementCategoryList.Support.CostElementList.CostElement.ManufacturerList.Manufacturer.HistoryPlanningList.HistoryPlanning","83028b6625c41a07b88fa0ac45ae36ce6b8bcd45-3-48c9303ce8cc426e432461a08a41bd5d48f6c5cb"
"2017-04","1","83028b6625c41a07b88fa0ac45ae36ce6b8bcd45-2-d4c7a08cb92af342e074b74e1a404636525eafd2","83028b6625c41a07b88fa0ac45ae36ce6b8bcd45","root.record.ItemExhibitList.P5Item.CostElementCategoryList.Support.CostElementList.CostElement.ManufacturerList.Manufacturer.HistoryPlanningList.HistoryPlanning","83028b6625c41a07b88fa0ac45ae36ce6b8bcd45-3-48c9303ce8cc426e432461a08a41bd5d48f6c5cb"
"2017-05","1","83028b6625c41a07b88fa0ac45ae36ce6b8bcd45-3-1a37f547e2293db2dfcbb2ad5cf2f3accebbe540","83028b6625c41a07b88fa0ac45ae36ce6b8bcd45","root.record.ItemExhibitList.P5Item.CostElementCategoryList.Support.CostElementList.CostElement.ManufacturerList.Manufacturer.HistoryPlanningList.HistoryPlanning","83028b6625c41a07b88fa0ac45ae36ce6b8bcd45-3-48c9303ce8cc426e432461a08a41bd5d48f6c5cb"
"2017-06","1","83028b6625c41a07b88fa0ac45ae36ce6b8bcd45-4-b26e8911865d29b2782783a120397149bafc96e1","83028b6625c41a07b88fa0ac45ae36ce6b8bcd45","root.record.ItemExhibitList.P5Item.CostElementCategoryList.Support.CostElementList.CostElement.ManufacturerList.Manufacturer.HistoryPlanningList.HistoryPlanning","83028b6625c41a07b88fa0ac45ae36ce6b8bcd45-3-48c9303ce8cc426e432461a08a41bd5d48f6c5cb"
"2017-07","1","83028b6625c41a07b88fa0ac45ae36ce6b8bcd45-5-dd675ba3586c7afda2807929a1adf110d679624f","83028b6625c41a07b88fa0ac45ae36ce6b8bcd45","root.record.ItemExhibitList.P5Item.CostElementCategoryList.Support.CostElementList.CostElement.ManufacturerList.Manufacturer.HistoryPlanningList.HistoryPlanning","83028b6625c41a07b88fa0ac45ae36ce6b8bcd45-3-48c9303ce8cc426e432461a08a41bd5d48f6c5cb"
"2017-08","1","83028b6625c41a07b88fa0ac45ae36ce6b8bcd45-6-257a36a40bfe838ab4a534d8e8c4a98e5bfbc7c0","83028b6625c41a07b88fa0ac45ae36ce6b8bcd45","root.record.ItemExhibitList.P5Item.CostElementCategoryList.Support.CostElementList.CostElement.ManufacturerList.Manufacturer.HistoryPlanningList.HistoryPlanning","83028b6625c41a07b88fa0ac45ae36ce6b8bcd45-3-48c9303ce8cc426e432461a08a41bd5d48f6c5cb"
"2017-09","1","83028b6625c41a07b88fa0ac45ae36ce6b8bcd45-7-a5c7b916fcdf86eaba425894ad17ba2c5992e8f1","83028b6625c41a07b88fa0ac45ae36ce6b8bcd45","root.record.ItemExhibitList.P5Item.CostElementCategoryList.Support.CostElementList.CostElement.ManufacturerList.Manufacturer.HistoryPlanningList.HistoryPlanning","83028b6625c41a07b88fa0ac45ae36ce6b8bcd45-3-48c9303ce8cc426e432461a08a41bd5d48f6c5cb"
"2017-10","1","83028b6625c41a07b88fa0ac45ae36ce6b8bcd45-8-d38cd57d360c1983d776e0273f2b8d8d3821304d","83028b6625c41a07b88fa0ac45ae36ce6b8bcd45","root.record.ItemExhibitList.P5Item.CostElementCategoryList.Support.CostElementList.CostElement.ManufacturerList.Manufacturer.HistoryPlanningList.HistoryPlanning","83028b6625c41a07b88fa0ac45ae36ce6b8bcd45-3-48c9303ce8cc426e432461a08a41bd5d48f6c5cb"
"2017-11","1","83028b6625c41a07b88fa0ac45ae36ce6b8bcd45-9-5b8c573628190f84b51a82ccfdcc81d3eb44c4a9","83028b6625c41a07b88fa0ac45ae36ce6b8bcd45","root.record.ItemExhibitList.P5Item.CostElementCategoryList.Support.CostElementList.CostElement.ManufacturerList.Manufacturer.HistoryPlanningList.HistoryPlanning","83028b6625c41a07b88fa0ac45ae36ce6b8bcd45-3-48c9303ce8cc426e432461a08a41bd5d48f6c5cb"
"2017-12","1","83028b6625c41a07b88fa0ac45ae36ce6b8bcd45-10-bf902eaba940dbb44175e0fa5ae17a4ec5d141ee","83028b6625c41a07b88fa0ac45ae36ce6b8bcd45","root.record.ItemExhibitList.P5Item.CostElementCategoryList.Support.CostElementList.CostElement.ManufacturerList.Manufacturer.HistoryPlanningList.HistoryPlanning","83028b6625c41a07b88fa0ac45ae36ce6b8bcd45-3-48c9303ce8cc426e432461a08a41bd5d48f6c5cb"
"2018-01","1","83028b6625c41a07b88fa0ac45ae36ce6b8bcd45-11-26e685b567f4dac6ca782d2aee3b3530bf631def","83028b6625c41a07b88fa0ac45ae36ce6b8bcd45","root.record.ItemExhibitList.P5Item.CostElementCategoryList.Support.CostElementList.CostElement.ManufacturerList.Manufacturer.HistoryPlanningList.HistoryPlanning","83028b6625c41a07b88fa0ac45ae36ce6b8bcd45-3-48c9303ce8cc426e432461a08a41bd5d48f6c5cb"
"2018-02","1","83028b6625c41a07b88fa0ac45ae36ce6b8bcd45-0-d9ff3e4227df41cf1e7e72c69b803f7d548f34ab","83028b6625c41a07b88fa0ac45ae36ce6b8bcd45","root.record.ItemExhibitList.P5Item.CostElementCategoryList.Support.CostElementList.CostElement.ManufacturerList.Manufacturer.HistoryPlanningList.HistoryPlanning","83028b6625c41a07b88fa0ac45ae36ce6b8bcd45-4-b1bb9a5b149fcf3ff8dc06b338bd4c2dd8bf011a"
"2018-03","1","83028b6625c41a07b88fa0ac45ae36ce6b8bcd45-1-63acc0f99a97a2c3ca552c98a23710cfc60e6129","83028b6625c41a07b88fa0ac45ae36ce6b8bcd45","root.record.ItemExhibitList.P5Item.CostElementCategoryList.Support.CostElementList.CostElement.ManufacturerList.Manufacturer.HistoryPlanningList.HistoryPlanning","83028b6625c41a07b88fa0ac45ae36ce6b8bcd45-4-b1bb9a5b149fcf3ff8dc06b338bd4c2dd8bf011a"
"2018-04","1","83028b6625c41a07b88fa0ac45ae36ce6b8bcd45-2-fbb4cd0b3c2e9096cb4a759e9ec443cf3e5548cb","83028b6625c41a07b88fa0ac45ae36ce6b8bcd45","root.record.ItemExhibitList.P5Item.CostElementCategoryList.Support.CostElementList.CostElement.ManufacturerList.Manufacturer.HistoryPlanningList.HistoryPlanning","83028b6625c41a07b88fa0ac45ae36ce6b8bcd45-4-b1bb9a5b149fcf3ff8dc06b338bd4c2dd8bf011a"
"2018-05","1","83028b6625c41a07b88fa0ac45ae36ce6b8bcd45-3-c0d6d6dfb2f3d528555e52f7fe061ddbe2984c02","83028b6625c41a07b88fa0ac45ae36ce6b8bcd45","root.record.ItemExhibitList.P5Item.CostElementCategoryList.Support.CostElementList.CostElement.ManufacturerList.Manufacturer.HistoryPlanningList.HistoryPlanning","83028b6625c41a07b88fa0ac45ae36ce6b8bcd45-4-b1bb9a5b149fcf3ff8dc06b338bd4c2dd8bf011a"
"2018-06","1","83028b6625c41a07b88fa0ac45ae36ce6b8bcd45-4-ee0e2b725d74b061fcba66fbbc8cde3a7d6a2d27","83028b6625c41a07b88fa0ac45ae36ce6b8bcd45","root.record.ItemExhibitList.P5Item.CostElementCategoryList.Support.CostElementList.CostElement.ManufacturerList.Manufacturer.HistoryPlanningList.HistoryPlanning","83028b6625c41a07b88fa0ac45ae36ce6b8bcd45-4-b1bb9a5b149fcf3ff8dc06b338bd4c2dd8bf011a"
"2018-07","1","83028b6625c41a07b88fa0ac45ae36ce6b8bcd45-5-7e923023c6de7852384393dc6c08dc7942d1b256","83028b6625c41a07b88fa0ac45ae36ce6b8bcd45","root.record.ItemExhibitList.P5Item.CostElementCategoryList.Support.CostElementList.CostElement.ManufacturerList.Manufacturer.HistoryPlanningList.HistoryPlanning","83028b6625c41a07b88fa0ac45ae36ce6b8bcd45-4-b1bb9a5b149fcf3ff8dc06b338bd4c2dd8bf011a"
"2018-08","1","83028b6625c41a07b88fa0ac45ae36ce6b8bcd45-6-30a23ff99b728808fab6b9dcf1719b4f39eafe54","83028b6625c41a07b88fa0ac45ae36ce6b8bcd45","root.record.ItemExhibitList.P5Item.CostElementCategoryList.Support.CostElementList.CostElement.ManufacturerList.Manufacturer.HistoryPlanningList.HistoryPlanning","83028b6625c41a07b88fa0ac45ae36ce6b8bcd45-4-b1bb9a5b149fcf3ff8dc06b338bd4c2dd8bf011a"
"2018-09","1","83028b6625c41a07b88fa0ac45ae36ce6b8bcd45-7-3dc71add61eff03881a397af2731ca6099fd2ec7","83028b6625c41a07b88fa0ac45ae36ce6b8bcd45","root.record.ItemExhibitList.P5Item.CostElementCategoryList.Support.CostElementList.CostElement.ManufacturerList.Manufacturer.HistoryPlanningList.HistoryPlanning","83028b6625c41a07b88fa0ac45ae36ce6b8bcd45-4-b1bb9a5b149fcf3ff8dc06b338bd4c2dd8bf011a"
"2018-10","1","83028b6625c41a07b88fa0ac45ae36ce6b8bcd45-8-68f9802e10071d57e10ce540ca25d9700cadaec1","83028b6625c41a07b88fa0ac45ae36ce6b8bcd45","root.record.ItemExhibitList.P5Item.CostElementCategoryList.Support.CostElementList.CostElement.ManufacturerList.Manufacturer.HistoryPlanningList.HistoryPlanning","83028b6625c41a07b88fa0ac45ae36ce6b8bcd45-4-b1bb9a5b149fcf3ff8dc06b338bd4c2dd8bf011a"
"2018-11","1","83028b6625c41a07b88fa0ac45ae36ce6b8bcd45-9-bf3af5b8555e97132fade1eb84646e9237bdc9b0","83028b6625c41a07b88fa0ac45ae36ce6b8bcd45","root.record.ItemExhibitList.P5Item.CostElementCategoryList.Support.CostElementList.CostElement.ManufacturerList.Manufacturer.HistoryPlanningList.HistoryPlanning","83028b6625c41a07b88fa0ac45ae36ce6b8bcd45-4-b1bb9a5b149fcf3ff8dc06b338bd4c2dd8bf011a"
"2018-12","1","83028b6625c41a07b88fa0ac45ae36ce6b8bcd45-10-270a0d4558312240859b75e14892ac49139b53b5","83028b6625c41a07b88fa0ac45ae36ce6b8bcd45","root.record.ItemExhibitList.P5Item.CostElementCategoryList.Support.CostElementList.CostElement.ManufacturerList.Manufacturer.HistoryPlanningList.HistoryPlanning","83028b6625c41a07b88fa0ac45ae36ce6b8bcd45-4-b1bb9a5b149fcf3ff8dc06b338bd4c2dd8bf011a"
"2019-01","1","83028b6625c41a07b88fa0ac45ae36ce6b8bcd45-11-eda6fe7cc35761406d926b2102820c71875d0af5","83028b6625c41a07b88fa0ac45ae36ce6b8bcd45","root.record.ItemExhibitList.P5Item.CostElementCategoryList.Support.CostElementList.CostElement.ManufacturerList.Manufacturer.HistoryPlanningList.HistoryPlanning","83028b6625c41a07b88fa0ac45ae36ce6b8bcd45-4-b1bb9a5b149fcf3ff8dc06b338bd4c2dd8bf011a"
"2019-02","1","83028b6625c41a07b88fa0ac45ae36ce6b8bcd45-0-cf61ca658e18083680b3a20223b4ba43626b251d","83028b6625c41a07b88fa0ac45ae36ce6b8bcd45","root.record.ItemExhibitList.P5Item.CostElementCategoryList.Support.CostElementList.CostElement.ManufacturerList.Manufacturer.HistoryPlanningList.HistoryPlanning","83028b6625c41a07b88fa0ac45ae36ce6b8bcd45-5-78595c8bd55ab9caacb6e8a02d31133232b12bbb"
"2019-03","1","83028b6625c41a07b88fa0ac45ae36ce6b8bcd45-1-cf9190c7e2e066bc7ff92d8ebbb50556839e9445","83028b6625c41a07b88fa0ac45ae36ce6b8bcd45","root.record.ItemExhibitList.P5Item.CostElementCategoryList.Support.CostElementList.CostElement.ManufacturerList.Manufacturer.HistoryPlanningList.HistoryPlanning","83028b6625c41a07b88fa0ac45ae36ce6b8bcd45-5-78595c8bd55ab9caacb6e8a02d31133232b12bbb"
"2019-04","1","83028b6625c41a07b88fa0ac45ae36ce6b8bcd45-2-fcc600461ab17e85d0724dd538d2ea482342f32f","83028b6625c41a07b88fa0ac45ae36ce6b8bcd45","root.record.ItemExhibitList.P5Item.CostElementCategoryList.Support.CostElementList.CostElement.ManufacturerList.Manufacturer.HistoryPlanningList.HistoryPlanning","83028b6625c41a07b88fa0ac45ae36ce6b8bcd45-5-78595c8bd55ab9caacb6e8a02d31133232b12bbb"
"2019-05","1","83028b6625c41a07b88fa0ac45ae36ce6b8bcd45-3-f2d97572f4ece21d7500019f5adc2b5e2e593df5","83028b6625c41a07b88fa0ac45ae36ce6b8bcd45","root.record.ItemExhibitList.P5Item.CostElementCategoryList.Support.CostElementList.CostElement.ManufacturerList.Manufacturer.HistoryPlanningList.HistoryPlanning","83028b6625c41a07b88fa0ac45ae36ce6b8bcd45-5-78595c8bd55ab9caacb6e8a02d31133232b12bbb"
"2019-06","1","83028b6625c41a07b88fa0ac45ae36ce6b8bcd45-4-bda8be309f90f8c3e9b8b17769c325822d2be0b8","83028b6625c41a07b88fa0ac45ae36ce6b8bcd45","root.record.ItemExhibitList.P5Item.CostElementCategoryList.Support.CostElementList.CostElement.ManufacturerList.Manufacturer.HistoryPlanningList.HistoryPlanning","83028b6625c41a07b88fa0ac45ae36ce6b8bcd45-5-78595c8bd55ab9caacb6e8a02d31133232b12bbb"
"2019-07","1","83028b6625c41a07b88fa0ac45ae36ce6b8bcd45-5-5ee1c3e2704e127a138a539b2827e0024b6efa24","83028b6625c41a07b88fa0ac45ae36ce6b8bcd45","root.record.ItemExhibitList.P5Item.CostElementCategoryList.Support.CostElementList.CostElement.ManufacturerList.Manufacturer.HistoryPlanningList.HistoryPlanning","83028b6625c41a07b88fa0ac45ae36ce6b8bcd45-5-78595c8bd55ab9caacb6e8a02d31133232b12bbb"
"2019-08","1","83028b6625c41a07b88fa0ac45ae36ce6b8bcd45-6-1149b31f0c33337f58fe2dffe0797660fdcdc076","83028b6625c41a07b88fa0ac45ae36ce6b8bcd45","root.record.ItemExhibitList.P5Item.CostElementCategoryList.Support.CostElementList.CostElement.ManufacturerList.Manufacturer.HistoryPlanningList.HistoryPlanning","83028b6625c41a07b88fa0ac45ae36ce6b8bcd45-5-78595c8bd55ab9caacb6e8a02d31133232b12bbb"
"2019-09","1","83028b6625c41a07b88fa0ac45ae36ce6b8bcd45-7-d0d14b30f38a7a3cc9405ba436aa9c20b884687e","83028b6625c41a07b88fa0ac45ae36ce6b8bcd45","root.record.ItemExhibitList.P5Item.CostElementCategoryList.Support.CostElementList.CostElement.ManufacturerList.Manufacturer.HistoryPlanningList.HistoryPlanning","83028b6625c41a07b88fa0ac45ae36ce6b8bcd45-5-78595c8bd55ab9caacb6e8a02d31133232b12bbb"
"2019-10","1","83028b6625c41a07b88fa0ac45ae36ce6b8bcd45-8-d1a88652e1813c4f3a8b9d66d49b90ae659dd33f","83028b6625c41a07b88fa0ac45ae36ce6b8bcd45","root.record.ItemExhibitList.P5Item.CostElementCategoryList.Support.CostElementList.CostElement.ManufacturerList.Manufacturer.HistoryPlanningList.HistoryPlanning","83028b6625c41a07b88fa0ac45ae36ce6b8bcd45-5-78595c8bd55ab9caacb6e8a02d31133232b12bbb"
"2019-11","1","83028b6625c41a07b88fa0ac45ae36ce6b8bcd45-9-6275c59ba17a880cd2e3bfd3ed43710cfd85418e","83028b6625c41a07b88fa0ac45ae36ce6b8bcd45","root.record.ItemExhibitList.P5Item.CostElementCategoryList.Support.CostElementList.CostElement.ManufacturerList.Manufacturer.HistoryPlanningList.HistoryPlanning","83028b6625c41a07b88fa0ac45ae36ce6b8bcd45-5-78595c8bd55ab9caacb6e8a02d31133232b12bbb"
"2019-12","1","83028b6625c41a07b88fa0ac45ae36ce6b8bcd45-10-c57ae4d30323fe34c39e70aa10fc77436dd3ab3d","83028b6625c41a07b88fa0ac45ae36ce6b8bcd45","root.record.ItemExhibitList.P5Item.CostElementCategoryList.Support.CostElementList.CostElement.ManufacturerList.Manufacturer.HistoryPlanningList.HistoryPlanning","83028b6625c41a07b88fa0ac45ae36ce6b8bcd45-5-78595c8bd55ab9caacb6e8a02d31133232b12bbb"
"2020-01","1","83028b6625c41a07b88fa0ac45ae36ce6b8bcd45-11-00395710a63c1449742563cd83a4711731393b44","83028b6625c41a07b88fa0ac45ae36ce6b8bcd45","root.record.ItemExhibitList.P5Item.CostElementCategoryList.Support.CostElementList.CostElement.ManufacturerList.Manufacturer.HistoryPlanningList.HistoryPlanning","83028b6625c41a07b88fa0ac45ae36ce6b8bcd45-5-78595c8bd55ab9caacb6e8a02d31133232b12bbb"
"2020-02","1","83028b6625c41a07b88fa0ac45ae36ce6b8bcd45-0-61e10db79661212496c394a4938842b241b67a0e","83028b6625c41a07b88fa0ac45ae36ce6b8bcd45","root.record.ItemExhibitList.P5Item.CostElementCategoryList.Support.CostElementList.CostElement.ManufacturerList.Manufacturer.HistoryPlanningList.HistoryPlanning","83028b6625c41a07b88fa0ac45ae36ce6b8bcd45-6-3a369194adca30ac2174d21ee84a845e16c98300"
"2020-03","1","83028b6625c41a07b88fa0ac45ae36ce6b8bcd45-1-a7d935b9806b19c031dc3bc0e95395d396af63da","83028b6625c41a07b88fa0ac45ae36ce6b8bcd45","root.record.ItemExhibitList.P5Item.CostElementCategoryList.Support.CostElementList.CostElement.ManufacturerList.Manufacturer.HistoryPlanningList.HistoryPlanning","83028b6625c41a07b88fa0ac45ae36ce6b8bcd45-6-3a369194adca30ac2174d21ee84a845e16c98300"
"2020-04","1","83028b6625c41a07b88fa0ac45ae36ce6b8bcd45-2-5c367f2579fa5f0d168e1357203f1c0fcb0609a5","83028b6625c41a07b88fa0ac45ae36ce6b8bcd45","root.record.ItemExhibitList.P5Item.CostElementCategoryList.Support.CostElementList.CostElement.ManufacturerList.Manufacturer.HistoryPlanningList.HistoryPlanning","83028b6625c41a07b88fa0ac45ae36ce6b8bcd45-6-3a369194adca30ac2174d21ee84a845e16c98300"
"2020-05","1","83028b6625c41a07b88fa0ac45ae36ce6b8bcd45-3-7da2725a9b3af96bda0d3f55497f547a8ab0ceda","83028b6625c41a07b88fa0ac45ae36ce6b8bcd45","root.record.ItemExhibitList.P5Item.CostElementCategoryList.Support.CostElementList.CostElement.ManufacturerList.Manufacturer.HistoryPlanningList.HistoryPlanning","83028b6625c41a07b88fa0ac45ae36ce6b8bcd45-6-3a369194adca30ac2174d21ee84a845e16c98300"
"2020-06","1","83028b6625c41a07b88fa0ac45ae36ce6b8bcd45-4-fce27b16221e082b9747138dffc78c59b3d3603b","83028b6625c41a07b88fa0ac45ae36ce6b8bcd45","root.record.ItemExhibitList.P5Item.CostElementCategoryList.Support.CostElementList.CostElement.ManufacturerList.Manufacturer.HistoryPlanningList.HistoryPlanning","83028b6625c41a07b88fa0ac45ae36ce6b8bcd45-6-3a369194adca30ac2174d21ee84a845e16c98300"
"2020-07","1","83028b6625c41a07b88fa0ac45ae36ce6b8bcd45-5-1aabee808c730a44575a7041d8107ea3577bfb11","83028b6625c41a07b88fa0ac45ae36ce6b8bcd45","root.record.ItemExhibitList.P5Item.CostElementCategoryList.Support.CostElementList.CostElement.ManufacturerList.Manufacturer.HistoryPlanningList.HistoryPlanning","83028b6625c41a07b88fa0ac45ae36ce6b8bcd45-6-3a369194adca30ac2174d21ee84a845e16c98300"
"2020-08","1","83028b6625c41a07b88fa0ac45ae36ce6b8bcd45-6-256e9bdd0e7881c9ce24b796f3fac77f0f5d1b15","83028b6625c41a07b88fa0ac45ae36ce6b8bcd45","root.record.ItemExhibitList.P5Item.CostElementCategoryList.Support.CostElementList.CostElement.ManufacturerList.Manufacturer.HistoryPlanningList.HistoryPlanning","83028b6625c41a07b88fa0ac45ae36ce6b8bcd45-6-3a369194adca30ac2174d21ee84a845e16c98300"
"2020-09","1","83028b6625c41a07b88fa0ac45ae36ce6b8bcd45-7-dc5160c1d83b2be2b03d3c8c250870fc3f408ba2","83028b6625c41a07b88fa0ac45ae36ce6b8bcd45","root.record.ItemExhibitList.P5Item.CostElementCategoryList.Support.CostElementList.CostElement.ManufacturerList.Manufacturer.HistoryPlanningList.HistoryPlanning","83028b6625c41a07b88fa0ac45ae36ce6b8bcd45-6-3a369194adca30ac2174d21ee84a845e16c98300"
"2020-10","1","83028b6625c41a07b88fa0ac45ae36ce6b8bcd45-8-e0f0c93c919c7803a70c3b272ed511523be04588","83028b6625c41a07b88fa0ac45ae36ce6b8bcd45","root.record.ItemExhibitList.P5Item.CostElementCategoryList.Support.CostElementList.CostElement.ManufacturerList.Manufacturer.HistoryPlanningList.HistoryPlanning","83028b6625c41a07b88fa0ac45ae36ce6b8bcd45-6-3a369194adca30ac2174d21ee84a845e16c98300"
"2020-11","1","83028b6625c41a07b88fa0ac45ae36ce6b8bcd45-9-32416baab31f3ea44c489a5846df2dd72f44dccb","83028b6625c41a07b88fa0ac45ae36ce6b8bcd45","root.record.ItemExhibitList.P5Item.CostElementCategoryList.Support.CostElementList.CostElement.ManufacturerList.Manufacturer.HistoryPlanningList.HistoryPlanning","83028b6625c41a07b88fa0ac45ae36ce6b8bcd45-6-3a369194adca30ac2174d21ee84a845e16c98300"
"2020-12","1","83028b6625c41a07b88fa0ac45ae36ce6b8bcd45-10-2ac0d6fd82bc1685661d68e5c6810a8c49c26937","83028b6625c41a07b88fa0ac45ae36ce6b8bcd45","root.record.ItemExhibitList.P5Item.CostElementCategoryList.Support.CostElementList.CostElement.ManufacturerList.Manufacturer.HistoryPlanningList.HistoryPlanning","83028b6625c41a07b88fa0ac45ae36ce6b8bcd45-6-3a369194adca30ac2174d21ee84a845e16c98300"
"2021-01","1","83028b6625c41a07b88fa0ac45ae36ce6b8bcd45-11-e04f76fcaa9dcec6c9d8d039cabc574cef2bd139","83028b6625c41a07b88fa0ac45ae36ce6b8bcd45","root.record.ItemExhibitList.P5Item.CostElementCategoryList.Support.CostElementList.CostElement.ManufacturerList.Manufacturer.HistoryPlanningList.HistoryPlanning","83028b6625c41a07b88fa0ac45ae36ce6b8bcd45-6-3a369194adca30ac2174d21ee84a845e16c98300"
"2018-02","1","83028b6625c41a07b88fa0ac45ae36ce6b8bcd45-0-67517ad5b06aa79da6055749ecba98702bb2d9f6","83028b6625c41a07b88fa0ac45ae36ce6b8bcd45","root.record.ItemExhibitList.P5Item.CostElementCategoryList.Support.CostElementList.CostElement.ManufacturerList.Manufacturer.HistoryPlanningList.HistoryPlanning","83028b6625c41a07b88fa0ac45ae36ce6b8bcd45-0-7ebe272b290f1c80396130e85554208aeca2c399"
"2018-03","1","83028b6625c41a07b88fa0ac45ae36ce6b8bcd45-1-b5f269873ebc2f0d5c65e59a33e2c5db53e19521","83028b6625c41a07b88fa0ac45ae36ce6b8bcd45","root.record.ItemExhibitList.P5Item.CostElementCategoryList.Support.CostElementList.CostElement.ManufacturerList.Manufacturer.HistoryPlanningList.HistoryPlanning","83028b6625c41a07b88fa0ac45ae36ce6b8bcd45-0-7ebe272b290f1c80396130e85554208aeca2c399"
"2018-04","1","83028b6625c41a07b88fa0ac45ae36ce6b8bcd45-2-5df0cb0d67c1ef062a4532842399a50354d86099","83028b6625c41a07b88fa0ac45ae36ce6b8bcd45","root.record.ItemExhibitList.P5Item.CostElementCategoryList.Support.CostElementList.CostElement.ManufacturerList.Manufacturer.HistoryPlanningList.HistoryPlanning","83028b6625c41a07b88fa0ac45ae36ce6b8bcd45-0-7ebe272b290f1c80396130e85554208aeca2c399"
"2018-05","1","83028b6625c41a07b88fa0ac45ae36ce6b8bcd45-3-319b6e06ee25618d5b546587f06f581fe0325fc7","83028b6625c41a07b88fa0ac45ae36ce6b8bcd45","root.record.ItemExhibitList.P5Item.CostElementCategoryList.Support.CostElementList.CostElement.ManufacturerList.Manufacturer.HistoryPlanningList.HistoryPlanning","83028b6625c41a07b88fa0ac45ae36ce6b8bcd45-0-7ebe272b290f1c80396130e85554208aeca2c399"
"2018-06","1","83028b6625c41a07b88fa0ac45ae36ce6b8bcd45-4-0344a6313fe5ae823c3afba79abb6b06a680519d","83028b6625c41a07b88fa0ac45ae36ce6b8bcd45","root.record.ItemExhibitList.P5Item.CostElementCategoryList.Support.CostElementList.CostElement.ManufacturerList.Manufacturer.HistoryPlanningList.HistoryPlanning","83028b6625c41a07b88fa0ac45ae36ce6b8bcd45-0-7ebe272b290f1c80396130e85554208aeca2c399"
"2018-07","1","83028b6625c41a07b88fa0ac45ae36ce6b8bcd45-5-9160deffa85bdf4e9a076881d3977adc2142f161","83028b6625c41a07b88fa0ac45ae36ce6b8bcd45","root.record.ItemExhibitList.P5Item.CostElementCategoryList.Support.CostElementList.CostElement.ManufacturerList.Manufacturer.HistoryPlanningList.HistoryPlanning","83028b6625c41a07b88fa0ac45ae36ce6b8bcd45-0-7ebe272b290f1c80396130e85554208aeca2c399"
"2018-08","1","83028b6625c41a07b88fa0ac45ae36ce6b8bcd45-6-f830ff8028b3af7348a1e499d374d8f1fc8be6bc","83028b6625c41a07b88fa0ac45ae36ce6b8bcd45","root.record.ItemExhibitList.P5Item.CostElementCategoryList.Support.CostElementList.CostElement.ManufacturerList.Manufacturer.HistoryPlanningList.HistoryPlanning","83028b6625c41a07b88fa0ac45ae36ce6b8bcd45-0-7ebe272b290f1c80396130e85554208aeca2c399"
"2018-09","1","83028b6625c41a07b88fa0ac45ae36ce6b8bcd45-7-985ae7f15429bc34cb8e56c2f28a3d03a7feb119","83028b6625c41a07b88fa0ac45ae36ce6b8bcd45","root.record.ItemExhibitList.P5Item.CostElementCategoryList.Support.CostElementList.CostElement.ManufacturerList.Manufacturer.HistoryPlanningList.HistoryPlanning","83028b6625c41a07b88fa0ac45ae36ce6b8bcd45-0-7ebe272b290f1c80396130e85554208aeca2c399"
"2018-10","1","83028b6625c41a07b88fa0ac45ae36ce6b8bcd45-8-93d029a9356a89a456a8728471b98e2e07a32679","83028b6625c41a07b88fa0ac45ae36ce6b8bcd45","root.record.ItemExhibitList.P5Item.CostElementCategoryList.Support.CostElementList.CostElement.ManufacturerList.Manufacturer.HistoryPlanningList.HistoryPlanning","83028b6625c41a07b88fa0ac45ae36ce6b8bcd45-0-7ebe272b290f1c80396130e85554208aeca2c399"
"2018-11","1","83028b6625c41a07b88fa0ac45ae36ce6b8bcd45-9-ff681fdd0a7f93514f7ed03f148e2fde0f91fddd","83028b6625c41a07b88fa0ac45ae36ce6b8bcd45","root.record.ItemExhibitList.P5Item.CostElementCategoryList.Support.CostElementList.CostElement.ManufacturerList.Manufacturer.HistoryPlanningList.HistoryPlanning","83028b6625c41a07b88fa0ac45ae36ce6b8bcd45-0-7ebe272b290f1c80396130e85554208aeca2c399"
"2018-12","1","83028b6625c41a07b88fa0ac45ae36ce6b8bcd45-10-b0660c550b05661dfd8d949b8366df52e6597e9c","83028b6625c41a07b88fa0ac45ae36ce6b8bcd45","root.record.ItemExhibitList.P5Item.CostElementCategoryList.Support.CostElementList.CostElement.ManufacturerList.Manufacturer.HistoryPlanningList.HistoryPlanning","83028b6625c41a07b88fa0ac45ae36ce6b8bcd45-0-7ebe272b290f1c80396130e85554208aeca2c399"
"2019-01","1","83028b6625c41a07b88fa0ac45ae36ce6b8bcd45-11-e9d1df5731c646b8f67a5aec6f4e182dc4a6b560","83028b6625c41a07b88fa0ac45ae36ce6b8bcd45","root.record.ItemExhibitList.P5Item.CostElementCategoryList.Support.CostElementList.CostElement.ManufacturerList.Manufacturer.HistoryPlanningList.HistoryPlanning","83028b6625c41a07b88fa0ac45ae36ce6b8bcd45-0-7ebe272b290f1c80396130e85554208aeca2c399"
"2019-02","1","83028b6625c41a07b88fa0ac45ae36ce6b8bcd45-0-b32aee84adee7b9b746eb71920cf8ae89e92f256","83028b6625c41a07b88fa0ac45ae36ce6b8bcd45","root.record.ItemExhibitList.P5Item.CostElementCategoryList.Support.CostElementList.CostElement.ManufacturerList.Manufacturer.HistoryPlanningList.HistoryPlanning","83028b6625c41a07b88fa0ac45ae36ce6b8bcd45-1-fb5cbf6a731f14c548905d2d6caddfb2ced8933f"
"2019-03","1","83028b6625c41a07b88fa0ac45ae36ce6b8bcd45-1-2e43d667cbf8e233275df09f6aac96e482423cbc","83028b6625c41a07b88fa0ac45ae36ce6b8bcd45","root.record.ItemExhibitList.P5Item.CostElementCategoryList.Support.CostElementList.CostElement.ManufacturerList.Manufacturer.HistoryPlanningList.HistoryPlanning","83028b6625c41a07b88fa0ac45ae36ce6b8bcd45-1-fb5cbf6a731f14c548905d2d6caddfb2ced8933f"
"2019-04","1","83028b6625c41a07b88fa0ac45ae36ce6b8bcd45-2-ccee3b31ff32958a4d4b61f371155ad2a983ab11","83028b6625c41a07b88fa0ac45ae36ce6b8bcd45","root.record.ItemExhibitList.P5Item.CostElementCategoryList.Support.CostElementList.CostElement.ManufacturerList.Manufacturer.HistoryPlanningList.HistoryPlanning","83028b6625c41a07b88fa0ac45ae36ce6b8bcd45-1-fb5cbf6a731f14c548905d2d6caddfb2ced8933f"
"2019-05","1","83028b6625c41a07b88fa0ac45ae36ce6b8bcd45-3-f46a4e8ba23f70d8c0a1db20b518ef64ed833ab7","83028b6625c41a07b88fa0ac45ae36ce6b8bcd45","root.record.ItemExhibitList.P5Item.CostElementCategoryList.Support.CostElementList.CostElement.ManufacturerList.Manufacturer.HistoryPlanningList.HistoryPlanning","83028b6625c41a07b88fa0ac45ae36ce6b8bcd45-1-fb5cbf6a731f14c548905d2d6caddfb2ced8933f"
"2019-06","1","83028b6625c41a07b88fa0ac45ae36ce6b8bcd45-4-3ee4518715046a1592f6d864e08648dfd0403ab6","83028b6625c41a07b88fa0ac45ae36ce6b8bcd45","root.record.ItemExhibitList.P5Item.CostElementCategoryList.Support.CostElementList.CostElement.ManufacturerList.Manufacturer.HistoryPlanningList.HistoryPlanning","83028b6625c41a07b88fa0ac45ae36ce6b8bcd45-1-fb5cbf6a731f14c548905d2d6caddfb2ced8933f"
"2019-07","1","83028b6625c41a07b88fa0ac45ae36ce6b8bcd45-5-70a0225c34ab64e5218d9a224414958f0d2112d6","83028b6625c41a07b88fa0ac45ae36ce6b8bcd45","root.record.ItemExhibitList.P5Item.CostElementCategoryList.Support.CostElementList.CostElement.ManufacturerList.Manufacturer.HistoryPlanningList.HistoryPlanning","83028b6625c41a07b88fa0ac45ae36ce6b8bcd45-1-fb5cbf6a731f14c548905d2d6caddfb2ced8933f"
"2019-08","1","83028b6625c41a07b88fa0ac45ae36ce6b8bcd45-6-f3a554eec74aa6381d63ad1aa0ab5db999afd828","83028b6625c41a07b88fa0ac45ae36ce6b8bcd45","root.record.ItemExhibitList.P5Item.CostElementCategoryList.Support.CostElementList.CostElement.ManufacturerList.Manufacturer.HistoryPlanningList.HistoryPlanning","83028b6625c41a07b88fa0ac45ae36ce6b8bcd45-1-fb5cbf6a731f14c548905d2d6caddfb2ced8933f"
"2019-09","1","83028b6625c41a07b88fa0ac45ae36ce6b8bcd45-7-552ad11593f097f9bf9129d4af9622c6f8a46d88","83028b6625c41a07b88fa0ac45ae36ce6b8bcd45","root.record.ItemExhibitList.P5Item.CostElementCategoryList.Support.CostElementList.CostElement.ManufacturerList.Manufacturer.HistoryPlanningList.HistoryPlanning","83028b6625c41a07b88fa0ac45ae36ce6b8bcd45-1-fb5cbf6a731f14c548905d2d6caddfb2ced8933f"
"2019-10","1","83028b6625c41a07b88fa0ac45ae36ce6b8bcd45-8-bac52550643d1fe1221e800a9c8136e0e24af8a2","83028b6625c41a07b88fa0ac45ae36ce6b8bcd45","root.record.ItemExhibitList.P5Item.CostElementCategoryList.Support.CostElementList.CostElement.ManufacturerList.Manufacturer.HistoryPlanningList.HistoryPlanning","83028b6625c41a07b88fa0ac45ae36ce6b8bcd45-1-fb5cbf6a731f14c548905d2d6caddfb2ced8933f"
"2019-11","1","83028b6625c41a07b88fa0ac45ae36ce6b8bcd45-9-6f17305890eaf38b5dd8edc8863da61ebd060e94","83028b6625c41a07b88fa0ac45ae36ce6b8bcd45","root.record.ItemExhibitList.P5Item.CostElementCategoryList.Support.CostElementList.CostElement.ManufacturerList.Manufacturer.HistoryPlanningList.HistoryPlanning","83028b6625c41a07b88fa0ac45ae36ce6b8bcd45-1-fb5cbf6a731f14c548905d2d6caddfb2ced8933f"
"2019-12","1","83028b6625c41a07b88fa0ac45ae36ce6b8bcd45-10-c734ba8c4865be5f6fda37933ebb02c24238bd48","83028b6625c41a07b88fa0ac45ae36ce6b8bcd45","root.record.ItemExhibitList.P5Item.CostElementCategoryList.Support.CostElementList.CostElement.ManufacturerList.Manufacturer.HistoryPlanningList.HistoryPlanning","83028b6625c41a07b88fa0ac45ae36ce6b8bcd45-1-fb5cbf6a731f14c548905d2d6caddfb2ced8933f"
"2020-01","1","83028b6625c41a07b88fa0ac45ae36ce6b8bcd45-11-d8e1907f48806ca2354f206db357329abbc2717e","83028b6625c41a07b88fa0ac45ae36ce6b8bcd45","root.record.ItemExhibitList.P5Item.CostElementCategoryList.Support.CostElementList.CostElement.ManufacturerList.Manufacturer.HistoryPlanningList.HistoryPlanning","83028b6625c41a07b88fa0ac45ae36ce6b8bcd45-1-fb5cbf6a731f14c548905d2d6caddfb2ced8933f"
"2020-02","1","83028b6625c41a07b88fa0ac45ae36ce6b8bcd45-0-61948a71d9637e7b83c557b6d691cb97841ddea9","83028b6625c41a07b88fa0ac45ae36ce6b8bcd45","root.record.ItemExhibitList.P5Item.CostElementCategoryList.Support.CostElementList.CostElement.ManufacturerList.Manufacturer.HistoryPlanningList.HistoryPlanning","83028b6625c41a07b88fa0ac45ae36ce6b8bcd45-2-a59a42aa1fec6e38af8e3be45763e9423551175f"
"2020-03","1","83028b6625c41a07b88fa0ac45ae36ce6b8bcd45-1-863fc97e8497fb27408ff55e882d35fb35b1f4db","83028b6625c41a07b88fa0ac45ae36ce6b8bcd45","root.record.ItemExhibitList.P5Item.CostElementCategoryList.Support.CostElementList.CostElement.ManufacturerList.Manufacturer.HistoryPlanningList.HistoryPlanning","83028b6625c41a07b88fa0ac45ae36ce6b8bcd45-2-a59a42aa1fec6e38af8e3be45763e9423551175f"
"2020-04","1","83028b6625c41a07b88fa0ac45ae36ce6b8bcd45-2-2e4c4d7ea325e874eff7809bcbe7aea9fedec852","83028b6625c41a07b88fa0ac45ae36ce6b8bcd45","root.record.ItemExhibitList.P5Item.CostElementCategoryList.Support.CostElementList.CostElement.ManufacturerList.Manufacturer.HistoryPlanningList.HistoryPlanning","83028b6625c41a07b88fa0ac45ae36ce6b8bcd45-2-a59a42aa1fec6e38af8e3be45763e9423551175f"
"2020-05","1","83028b6625c41a07b88fa0ac45ae36ce6b8bcd45-3-8ae07d710babba82fe13408ec7effb8e4122ab27","83028b6625c41a07b88fa0ac45ae36ce6b8bcd45","root.record.ItemExhibitList.P5Item.CostElementCategoryList.Support.CostElementList.CostElement.ManufacturerList.Manufacturer.HistoryPlanningList.HistoryPlanning","83028b6625c41a07b88fa0ac45ae36ce6b8bcd45-2-a59a42aa1fec6e38af8e3be45763e9423551175f"
"2020-06","1","83028b6625c41a07b88fa0ac45ae36ce6b8bcd45-4-06652bc7b9568442fa71c8eb66b3ba3691c5304f","83028b6625c41a07b88fa0ac45ae36ce6b8bcd45","root.record.ItemExhibitList.P5Item.CostElementCategoryList.Support.CostElementList.CostElement.ManufacturerList.Manufacturer.HistoryPlanningList.HistoryPlanning","83028b6625c41a07b88fa0ac45ae36ce6b8bcd45-2-a59a42aa1fec6e38af8e3be45763e9423551175f"
"2020-07","1","83028b6625c41a07b88fa0ac45ae36ce6b8bcd45-5-ac79e4f419476a10fb058a9ab5a71da267ff3538","83028b6625c41a07b88fa0ac45ae36ce6b8bcd45","root.record.ItemExhibitList.P5Item.CostElementCategoryList.Support.CostElementList.CostElement.ManufacturerList.Manufacturer.HistoryPlanningList.HistoryPlanning","83028b6625c41a07b88fa0ac45ae36ce6b8bcd45-2-a59a42aa1fec6e38af8e3be45763e9423551175f"
"2020-08","1","83028b6625c41a07b88fa0ac45ae36ce6b8bcd45-6-b322051da36e5b3feb64b58a133ce52f759e9d32","83028b6625c41a07b88fa0ac45ae36ce6b8bcd45","root.record.ItemExhibitList.P5Item.CostElementCategoryList.Support.CostElementList.CostElement.ManufacturerList.Manufacturer.HistoryPlanningList.HistoryPlanning","83028b6625c41a07b88fa0ac45ae36ce6b8bcd45-2-a59a42aa1fec6e38af8e3be45763e9423551175f"
"2020-09","1","83028b6625c41a07b88fa0ac45ae36ce6b8bcd45-7-2b3d8f84cf995ee70b8d11313c4c2c5d30d2dfed","83028b6625c41a07b88fa0ac45ae36ce6b8bcd45","root.record.ItemExhibitList.P5Item.CostElementCategoryList.Support.CostElementList.CostElement.ManufacturerList.Manufacturer.HistoryPlanningList.HistoryPlanning","83028b6625c41a07b88fa0ac45ae36ce6b8bcd45-2-a59a42aa1fec6e38af8e3be45763e9423551175f"
"2020-10","1","83028b6625c41a07b88fa0ac45ae36ce6b8bcd45-8-05555449d0359a1d3acd8923ee03396dc14b25c8","83028b6625c41a07b88fa0ac45ae36ce6b8bcd45","root.record.ItemExhibitList.P5Item.CostElementCategoryList.Support.CostElementList.CostElement.ManufacturerList.Manufacturer.HistoryPlanningList.HistoryPlanning","83028b6625c41a07b88fa0ac45ae36ce6b8bcd45-2-a59a42aa1fec6e38af8e3be45763e9423551175f"
"2020-11","1","83028b6625c41a07b88fa0ac45ae36ce6b8bcd45-9-d884a9b35f2de3bffc618aa577442ce23457322c","83028b6625c41a07b88fa0ac45ae36ce6b8bcd45","root.record.ItemExhibitList.P5Item.CostElementCategoryList.Support.CostElementList.CostElement.ManufacturerList.Manufacturer.HistoryPlanningList.HistoryPlanning","83028b6625c41a07b88fa0ac45ae36ce6b8bcd45-2-a59a42aa1fec6e38af8e3be45763e9423551175f"
"2020-12","1","83028b6625c41a07b88fa0ac45ae36ce6b8bcd45-10-c622b03b3f727881acc6f7b61a2c197f896598cb","83028b6625c41a07b88fa0ac45ae36ce6b8bcd45","root.record.ItemExhibitList.P5Item.CostElementCategoryList.Support.CostElementList.CostElement.ManufacturerList.Manufacturer.HistoryPlanningList.HistoryPlanning","83028b6625c41a07b88fa0ac45ae36ce6b8bcd45-2-a59a42aa1fec6e38af8e3be45763e9423551175f"
"2021-01","1","83028b6625c41a07b88fa0ac45ae36ce6b8bcd45-11-9e808436315e00e488d9da0f2fde2a636d460d78","83028b6625c41a07b88fa0ac45ae36ce6b8bcd45","root.record.ItemExhibitList.P5Item.CostElementCategoryList.Support.CostElementList.CostElement.ManufacturerList.Manufacturer.HistoryPlanningList.HistoryPlanning","83028b6625c41a07b88fa0ac45ae36ce6b8bcd45-2-a59a42aa1fec6e38af8e3be45763e9423551175f"
"2013-12","30","b3425ab0c161d5385f752d597907c174c6f3f2a3-0-f87227450805e070414f35376b7df533ec78dd19","b3425ab0c161d5385f752d597907c174c6f3f2a3","root.record.ItemExhibitList.P5Item.CostElementCategoryList.Support.CostElementList.CostElement.ManufacturerList.Manufacturer.HistoryPlanningList.HistoryPlanning","b3425ab0c161d5385f752d597907c174c6f3f2a3-0-e4524904b526f84680a3e8af8a3c8f28e39836e7"
"2014-01","30","b3425ab0c161d5385f752d597907c174c6f3f2a3-1-7c04147e3d50950d521fa2a30fd12dc0ed70a520","b3425ab0c161d5385f752d597907c174c6f3f2a3","root.record.ItemExhibitList.P5Item.CostElementCategoryList.Support.CostElementList.CostElement.ManufacturerList.Manufacturer.HistoryPlanningList.HistoryPlanning","b3425ab0c161d5385f752d597907c174c6f3f2a3-0-e4524904b526f84680a3e8af8a3c8f28e39836e7"
"2014-02","30","b3425ab0c161d5385f752d597907c174c6f3f2a3-2-e46e1a3072bb6e751a1c760026fad348f993baff","b3425ab0c161d5385f752d597907c174c6f3f2a3","root.record.ItemExhibitList.P5Item.CostElementCategoryList.Support.CostElementList.CostElement.ManufacturerList.Manufacturer.HistoryPlanningList.HistoryPlanning","b3425ab0c161d5385f752d597907c174c6f3f2a3-0-e4524904b526f84680a3e8af8a3c8f28e39836e7"
"2014-03","30","b3425ab0c161d5385f752d597907c174c6f3f2a3-3-110a362680dc46a3eedf9f20089dd4d609db4252","b3425ab0c161d5385f752d597907c174c6f3f2a3","root.record.ItemExhibitList.P5Item.CostElementCategoryList.Support.CostElementList.CostElement.ManufacturerList.Manufacturer.HistoryPlanningList.HistoryPlanning","b3425ab0c161d5385f752d597907c174c6f3f2a3-0-e4524904b526f84680a3e8af8a3c8f28e39836e7"
"2014-04","30","b3425ab0c161d5385f752d597907c174c6f3f2a3-4-b822e6da78089798397f426e9c1fcb0a937c627b","b3425ab0c161d5385f752d597907c174c6f3f2a3","root.record.ItemExhibitList.P5Item.CostElementCategoryList.Support.CostElementList.CostElement.ManufacturerList.Manufacturer.HistoryPlanningList.HistoryPlanning","b3425ab0c161d5385f752d597907c174c6f3f2a3-0-e4524904b526f84680a3e8af8a3c8f28e39836e7"
"2014-05","30","b3425ab0c161d5385f752d597907c174c6f3f2a3-5-44a0b2916bd43b19f9de230a13ea62e370e9daf7","b3425ab0c161d5385f752d597907c174c6f3f2a3","root.record.ItemExhibitList.P5Item.CostElementCategoryList.Support.CostElementList.CostElement.ManufacturerList.Manufacturer.HistoryPlanningList.HistoryPlanning","b3425ab0c161d5385f752d597907c174c6f3f2a3-0-e4524904b526f84680a3e8af8a3c8f28e39836e7"
"2014-06","30","b3425ab0c161d5385f752d597907c174c6f3f2a3-6-8fdd90c6d9fbe75296277c82896df3708b5da318","b3425ab0c161d5385f752d597907c174c6f3f2a3","root.record.ItemExhibitList.P5Item.CostElementCategoryList.Support.CostElementList.CostElement.ManufacturerList.Manufacturer.HistoryPlanningList.HistoryPlanning","b3425ab0c161d5385f752d597907c174c6f3f2a3-0-e4524904b526f84680a3e8af8a3c8f28e39836e7"
"2014-07","30","b3425ab0c161d5385f752d597907c174c6f3f2a3-7-44ab8ca8c87bdd9adba4550eee650f2337e8bffb","b3425ab0c161d5385f752d597907c174c6f3f2a3","root.record.ItemExhibitList.P5Item.CostElementCategoryList.Support.CostElementList.CostElement.ManufacturerList.Manufacturer.HistoryPlanningList.HistoryPlanning","b3425ab0c161d5385f752d597907c174c6f3f2a3-0-e4524904b526f84680a3e8af8a3c8f28e39836e7"
"2014-08","30","b3425ab0c161d5385f752d597907c174c6f3f2a3-8-8e2ba29c894debd8f61d690d30f2d14dc3977c45","b3425ab0c161d5385f752d597907c174c6f3f2a3","root.record.ItemExhibitList.P5Item.CostElementCategoryList.Support.CostElementList.CostElement.ManufacturerList.Manufacturer.HistoryPlanningList.HistoryPlanning","b3425ab0c161d5385f752d597907c174c6f3f2a3-0-e4524904b526f84680a3e8af8a3c8f28e39836e7"
"2014-09","31","b3425ab0c161d5385f752d597907c174c6f3f2a3-9-3fd52f95364a36ddc51e92f8d3cfcb084effaf3a","b3425ab0c161d5385f752d597907c174c6f3f2a3","root.record.ItemExhibitList.P5Item.CostElementCategoryList.Support.CostElementList.CostElement.ManufacturerList.Manufacturer.HistoryPlanningList.HistoryPlanning","b3425ab0c161d5385f752d597907c174c6f3f2a3-0-e4524904b526f84680a3e8af8a3c8f28e39836e7"
"2014-07","30","b3425ab0c161d5385f752d597907c174c6f3f2a3-0-383e04b9bf594d0949c7065bb5f5e92dde86f8e4","b3425ab0c161d5385f752d597907c174c6f3f2a3","root.record.ItemExhibitList.P5Item.CostElementCategoryList.Support.CostElementList.CostElement.ManufacturerList.Manufacturer.HistoryPlanningList.HistoryPlanning","b3425ab0c161d5385f752d597907c174c6f3f2a3-1-93d2db3532d2ed6e02643ebbf8c4c42c5df548ec"
"2014-08","30","b3425ab0c161d5385f752d597907c174c6f3f2a3-1-14c921f3d1c10b60f8beca6587d4593a476d58fc","b3425ab0c161d5385f752d597907c174c6f3f2a3","root.record.ItemExhibitList.P5Item.CostElementCategoryList.Support.CostElementList.CostElement.ManufacturerList.Manufacturer.HistoryPlanningList.HistoryPlanning","b3425ab0c161d5385f752d597907c174c6f3f2a3-1-93d2db3532d2ed6e02643ebbf8c4c42c5df548ec"
"2014-09","30","b3425ab0c161d5385f752d597907c174c6f3f2a3-2-4c58557d94ceae30eddb6ae9ff74cf0d3ae3f232","b3425ab0c161d5385f752d597907c174c6f3f2a3","root.record.ItemExhibitList.P5Item.CostElementCategoryList.Support.CostElementList.CostElement.ManufacturerList.Manufacturer.HistoryPlanningList.HistoryPlanning","b3425ab0c161d5385f752d597907c174c6f3f2a3-1-93d2db3532d2ed6e02643ebbf8c4c42c5df548ec"
"2014-10","30","b3425ab0c161d5385f752d597907c174c6f3f2a3-3-01743799259df97d9e3de33a65903ee28f5d1a74","b3425ab0c161d5385f752d597907c174c6f3f2a3","root.record.ItemExhibitList.P5Item.CostElementCategoryList.Support.CostElementList.CostElement.ManufacturerList.Manufacturer.HistoryPlanningList.HistoryPlanning","b3425ab0c161d5385f752d597907c174c6f3f2a3-1-93d2db3532d2ed6e02643ebbf8c4c42c5df548ec"
"2014-11","30","b3425ab0c161d5385f752d597907c174c6f3f2a3-4-5f65d22ee3e74b59ceac7da584efa1d8d41807da","b3425ab0c161d5385f752d597907c174c6f3f2a3","root.record.ItemExhibitList.P5Item.CostElementCategoryList.Support.CostElementList.CostElement.ManufacturerList.Manufacturer.HistoryPlanningList.HistoryPlanning","b3425ab0c161d5385f752d597907c174c6f3f2a3-1-93d2db3532d2ed6e02643ebbf8c4c42c5df548ec"
"2014-12","30","b3425ab0c161d5385f752d597907c174c6f3f2a3-5-47b76f23eb3d4ef647d017b4bd7b0a082dcab787","b3425ab0c161d5385f752d597907c174c6f3f2a3","root.record.ItemExhibitList.P5Item.CostElementCategoryList.Support.CostElementList.CostElement.ManufacturerList.Manufacturer.HistoryPlanningList.HistoryPlanning","b3425ab0c161d5385f752d597907c174c6f3f2a3-1-93d2db3532d2ed6e02643ebbf8c4c42c5df548ec"
"2015-01","30","b3425ab0c161d5385f752d597907c174c6f3f2a3-6-34593d4b2c39ff3c43c639e7cce13cbf5246ea2d","b3425ab0c161d5385f752d597907c174c6f3f2a3","root.record.ItemExhibitList.P5Item.CostElementCategoryList.Support.CostElementList.CostElement.ManufacturerList.Manufacturer.HistoryPlanningList.HistoryPlanning","b3425ab0c161d5385f752d597907c174c6f3f2a3-1-93d2db3532d2ed6e02643ebbf8c4c42c5df548ec"
"2015-02","30","b3425ab0c161d5385f752d597907c174c6f3f2a3-7-5c2636cfb86be771fd6d67e7039abf8f13f4a6b0","b3425ab0c161d5385f752d597907c174c6f3f2a3","root.record.ItemExhibitList.P5Item.CostElementCategoryList.Support.CostElementList.CostElement.ManufacturerList.Manufacturer.HistoryPlanningList.HistoryPlanning","b3425ab0c161d5385f752d597907c174c6f3f2a3-1-93d2db3532d2ed6e02643ebbf8c4c42c5df548ec"
"2015-03","30","b3425ab0c161d5385f752d597907c174c6f3f2a3-8-7d8996b29ae65ff5210a1e76ba1e2702a6252cb8","b3425ab0c161d5385f752d597907c174c6f3f2a3","root.record.ItemExhibitList.P5Item.CostElementCategoryList.Support.CostElementList.CostElement.ManufacturerList.Manufacturer.HistoryPlanningList.HistoryPlanning","b3425ab0c161d5385f752d597907c174c6f3f2a3-1-93d2db3532d2ed6e02643ebbf8c4c42c5df548ec"
"2015-04","30","b3425ab0c161d5385f752d597907c174c6f3f2a3-9-6ee76b80ae53896c0529f252f273231502adf9c6","b3425ab0c161d5385f752d597907c174c6f3f2a3","root.record.ItemExhibitList.P5Item.CostElementCategoryList.Support.CostElementList.CostElement.ManufacturerList.Manufacturer.HistoryPlanningList.HistoryPlanning","b3425ab0c161d5385f752d597907c174c6f3f2a3-1-93d2db3532d2ed6e02643ebbf8c4c42c5df548ec"
"2015-05","1","b3425ab0c161d5385f752d597907c174c6f3f2a3-10-3d4db0f5200a20cd750020950c3a63def51ea5e5","b3425ab0c161d5385f752d597907c174c6f3f2a3","root.record.ItemExhibitList.P5Item.CostElementCategoryList.Support.CostElementList.CostElement.ManufacturerList.Manufacturer.HistoryPlanningList.HistoryPlanning","b3425ab0c161d5385f752d597907c174c6f3f2a3-1-93d2db3532d2ed6e02643ebbf8c4c42c5df548ec"
"2015-03","30","b3425ab0c161d5385f752d597907c174c6f3f2a3-0-cb731703d5e6e24d51bf52e8f2f828349e29f334","b3425ab0c161d5385f752d597907c174c6f3f2a3","root.record.ItemExhibitList.P5Item.CostElementCategoryList.Support.CostElementList.CostElement.ManufacturerList.Manufacturer.HistoryPlanningList.HistoryPlanning","b3425ab0c161d5385f752d597907c174c6f3f2a3-2-0036d08ecdb2296687ccb086fa27850f97f900e5"
"2015-04","30","b3425ab0c161d5385f752d597907c174c6f3f2a3-1-fdce5034908c3183d5abbc762b8a2f27a670eaf8","b3425ab0c161d5385f752d597907c174c6f3f2a3","root.record.ItemExhibitList.P5Item.CostElementCategoryList.Support.CostElementList.CostElement.ManufacturerList.Manufacturer.HistoryPlanningList.HistoryPlanning","b3425ab0c161d5385f752d597907c174c6f3f2a3-2-0036d08ecdb2296687ccb086fa27850f97f900e5"
"2015-05","30","b3425ab0c161d5385f752d597907c174c6f3f2a3-2-783e6f7ab2d9194e06e540d34bf6ea4f2e9c43d8","b3425ab0c161d5385f752d597907c174c6f3f2a3","root.record.ItemExhibitList.P5Item.CostElementCategoryList.Support.CostElementList.CostElement.ManufacturerList.Manufacturer.HistoryPlanningList.HistoryPlanning","b3425ab0c161d5385f752d597907c174c6f3f2a3-2-0036d08ecdb2296687ccb086fa27850f97f900e5"
"2015-06","30","b3425ab0c161d5385f752d597907c174c6f3f2a3-3-62c0f838ac4cf07d328a287a808a2ef8214d7b1c","b3425ab0c161d5385f752d597907c174c6f3f2a3","root.record.ItemExhibitList.P5Item.CostElementCategoryList.Support.CostElementList.CostElement.ManufacturerList.Manufacturer.HistoryPlanningList.HistoryPlanning","b3425ab0c161d5385f752d597907c174c6f3f2a3-2-0036d08ecdb2296687ccb086fa27850f97f900e5"
"2015-07","30","b3425ab0c161d5385f752d597907c174c6f3f2a3-4-8f95549c02f06ff3431cc44dfd7ffceea5ee0325","b3425ab0c161d5385f752d597907c174c6f3f2a3","root.record.ItemExhibitList.P5Item.CostElementCategoryList.Support.CostElementList.CostElement.ManufacturerList.Manufacturer.HistoryPlanningList.HistoryPlanning","b3425ab0c161d5385f752d597907c174c6f3f2a3-2-0036d08ecdb2296687ccb086fa27850f97f900e5"
"2015-08","12","b3425ab0c161d5385f752d597907c174c6f3f2a3-5-99fe46f9be4f3fbf1c8912afaac4a3e05db96cec","b3425ab0c161d5385f752d597907c174c6f3f2a3","root.record.ItemExhibitList.P5Item.CostElementCategoryList.Support.CostElementList.CostElement.ManufacturerList.Manufacturer.HistoryPlanningList.HistoryPlanning","b3425ab0c161d5385f752d597907c174c6f3f2a3-2-0036d08ecdb2296687ccb086fa27850f97f900e5"
"2014-07","35.000","b68bc0bc4c0a5a6f3ef69d8c33b243f0da65b61c-0-847f2993152536e7c36e48afada093c931d92116","b68bc0bc4c0a5a6f3ef69d8c33b243f0da65b61c","root.record.ItemExhibitList.P5Item.CostElementCategoryList.Support.CostElementList.CostElement.ManufacturerList.Manufacturer.HistoryPlanningList.HistoryPlanning","b68bc0bc4c0a5a6f3ef69d8c33b243f0da65b61c-0-b18a428b41ccafa87517feddeeed60a0de172f83"
"2014-08","35.000","b68bc0bc4c0a5a6f3ef69d8c33b243f0da65b61c-1-f8cc63eb4560800fb6ffa85607044ea202d5a7b5","b68bc0bc4c0a5a6f3ef69d8c33b243f0da65b61c","root.record.ItemExhibitList.P5Item.CostElementCategoryList.Support.CostElementList.CostElement.ManufacturerList.Manufacturer.HistoryPlanningList.HistoryPlanning","b68bc0bc4c0a5a6f3ef69d8c33b243f0da65b61c-0-b18a428b41ccafa87517feddeeed60a0de172f83"
"2014-09","35.000","b68bc0bc4c0a5a6f3ef69d8c33b243f0da65b61c-2-f1920fab83d4d0621ea0af7b43b67f64c6cbc604","b68bc0bc4c0a5a6f3ef69d8c33b243f0da65b61c","root.record.ItemExhibitList.P5Item.CostElementCategoryList.Support.CostElementList.CostElement.ManufacturerList.Manufacturer.HistoryPlanningList.HistoryPlanning","b68bc0bc4c0a5a6f3ef69d8c33b243f0da65b61c-0-b18a428b41ccafa87517feddeeed60a0de172f83"
"2014-10","35.000","b68bc0bc4c0a5a6f3ef69d8c33b243f0da65b61c-3-512194d079dd8169ff0de549274cb0b6aa214d2e","b68bc0bc4c0a5a6f3ef69d8c33b243f0da65b61c","root.record.ItemExhibitList.P5Item.CostElementCategoryList.Support.CostElementList.CostElement.ManufacturerList.Manufacturer.HistoryPlanningList.HistoryPlanning","b68bc0bc4c0a5a6f3ef69d8c33b243f0da65b61c-0-b18a428b41ccafa87517feddeeed60a0de172f83"
"2014-11","35.000","b68bc0bc4c0a5a6f3ef69d8c33b243f0da65b61c-4-9bd9b9935cafa562138f62f34ee76b30616c7840","b68bc0bc4c0a5a6f3ef69d8c33b243f0da65b61c","root.record.ItemExhibitList.P5Item.CostElementCategoryList.Support.CostElementList.CostElement.ManufacturerList.Manufacturer.HistoryPlanningList.HistoryPlanning","b68bc0bc4c0a5a6f3ef69d8c33b243f0da65b61c-0-b18a428b41ccafa87517feddeeed60a0de172f83"
"2014-12","35.000","b68bc0bc4c0a5a6f3ef69d8c33b243f0da65b61c-5-f65e654ce7e6cfc9f880b3dbb34d26f3b334d4f8","b68bc0bc4c0a5a6f3ef69d8c33b243f0da65b61c","root.record.ItemExhibitList.P5Item.CostElementCategoryList.Support.CostElementList.CostElement.ManufacturerList.Manufacturer.HistoryPlanningList.HistoryPlanning","b68bc0bc4c0a5a6f3ef69d8c33b243f0da65b61c-0-b18a428b41ccafa87517feddeeed60a0de172f83"
"2015-01","35.000","b68bc0bc4c0a5a6f3ef69d8c33b243f0da65b61c-6-4b615b59d4e5d569c96f9ab81aaf7581f556612a","b68bc0bc4c0a5a6f3ef69d8c33b243f0da65b61c","root.record.ItemExhibitList.P5Item.CostElementCategoryList.Support.CostElementList.CostElement.ManufacturerList.Manufacturer.HistoryPlanningList.HistoryPlanning","b68bc0bc4c0a5a6f3ef69d8c33b243f0da65b61c-0-b18a428b41ccafa87517feddeeed60a0de172f83"
"2015-02","35.000","b68bc0bc4c0a5a6f3ef69d8c33b243f0da65b61c-7-6666678fcbf0ebb26e3a722fa2b338d1b80c81c1","b68bc0bc4c0a5a6f3ef69d8c33b243f0da65b61c","root.record.ItemExhibitList.P5Item.CostElementCategoryList.Support.CostElementList.CostElement.ManufacturerList.Manufacturer.HistoryPlanningList.HistoryPlanning","b68bc0bc4c0a5a6f3ef69d8c33b243f0da65b61c-0-b18a428b41ccafa87517feddeeed60a0de172f83"
"2015-03","35.000","b68bc0bc4c0a5a6f3ef69d8c33b243f0da65b61c-8-dd78798f7e67e264294deac1c8adf83cefcb13c5","b68bc0bc4c0a5a6f3ef69d8c33b243f0da65b61c","root.record.ItemExhibitList.P5Item.CostElementCategoryList.Support.CostElementList.CostElement.ManufacturerList.Manufacturer.HistoryPlanningList.HistoryPlanning","b68bc0bc4c0a5a6f3ef69d8c33b243f0da65b61c-0-b18a428b41ccafa87517feddeeed60a0de172f83"
"2015-04","35.000","b68bc0bc4c0a5a6f3ef69d8c33b243f0da65b61c-9-b8e859700b15db4949ad82e6c6ec21abb34a8cdc","b68bc0bc4c0a5a6f3ef69d8c33b243f0da65b61c","root.record.ItemExhibitList.P5Item.CostElementCategoryList.Support.CostElementList.CostElement.ManufacturerList.Manufacturer.HistoryPlanningList.HistoryPlanning","b68bc0bc4c0a5a6f3ef69d8c33b243f0da65b61c-0-b18a428b41ccafa87517feddeeed60a0de172f83"
"2015-05","29.000","b68bc0bc4c0a5a6f3ef69d8c33b243f0da65b61c-10-e28e8469a1c2e35be0ff8c2d96450be0d5ea61c7","b68bc0bc4c0a5a6f3ef69d8c33b243f0da65b61c","root.record.ItemExhibitList.P5Item.CostElementCategoryList.Support.CostElementList.CostElement.ManufacturerList.Manufacturer.HistoryPlanningList.HistoryPlanning","b68bc0bc4c0a5a6f3ef69d8c33b243f0da65b61c-0-b18a428b41ccafa87517feddeeed60a0de172f83"
"2014-12","15.000","b68bc0bc4c0a5a6f3ef69d8c33b243f0da65b61c-0-029c2ec4e13575e449b1fbd05244c0a9fd328afb","b68bc0bc4c0a5a6f3ef69d8c33b243f0da65b61c","root.record.ItemExhibitList.P5Item.CostElementCategoryList.Support.CostElementList.CostElement.ManufacturerList.Manufacturer.HistoryPlanningList.HistoryPlanning","b68bc0bc4c0a5a6f3ef69d8c33b243f0da65b61c-1-08d34e59fa039eb915d028643d5b325e507ceb8e"
"2015-01","15.000","b68bc0bc4c0a5a6f3ef69d8c33b243f0da65b61c-1-159cb64bb0d324fe5163f81212937d45508a6ab7","b68bc0bc4c0a5a6f3ef69d8c33b243f0da65b61c","root.record.ItemExhibitList.P5Item.CostElementCategoryList.Support.CostElementList.CostElement.ManufacturerList.Manufacturer.HistoryPlanningList.HistoryPlanning","b68bc0bc4c0a5a6f3ef69d8c33b243f0da65b61c-1-08d34e59fa039eb915d028643d5b325e507ceb8e"
"2015-02","15.000","b68bc0bc4c0a5a6f3ef69d8c33b243f0da65b61c-2-b93f1e8b6af6333645cd40be2211c24bf03a6566","b68bc0bc4c0a5a6f3ef69d8c33b243f0da65b61c","root.record.ItemExhibitList.P5Item.CostElementCategoryList.Support.CostElementList.CostElement.ManufacturerList.Manufacturer.HistoryPlanningList.HistoryPlanning","b68bc0bc4c0a5a6f3ef69d8c33b243f0da65b61c-1-08d34e59fa039eb915d028643d5b325e507ceb8e"
"2015-03","15.000","b68bc0bc4c0a5a6f3ef69d8c33b243f0da65b61c-3-2887401fd78d55c354621241bb57258dc4006d0d","b68bc0bc4c0a5a6f3ef69d8c33b243f0da65b61c","root.record.ItemExhibitList.P5Item.CostElementCategoryList.Support.CostElementList.CostElement.ManufacturerList.Manufacturer.HistoryPlanningList.HistoryPlanning","b68bc0bc4c0a5a6f3ef69d8c33b243f0da65b61c-1-08d34e59fa039eb915d028643d5b325e507ceb8e"
"2015-04","15.000","b68bc0bc4c0a5a6f3ef69d8c33b243f0da65b61c-4-d68181d93b5593397f7c46b4b27f7f0a64c005ad","b68bc0bc4c0a5a6f3ef69d8c33b243f0da65b61c","root.record.ItemExhibitList.P5Item.CostElementCategoryList.Support.CostElementList.CostElement.ManufacturerList.Manufacturer.HistoryPlanningList.HistoryPlanning","b68bc0bc4c0a5a6f3ef69d8c33b243f0da65b61c-1-08d34e59fa039eb915d028643d5b325e507ceb8e"
"2015-05","15.000","b68bc0bc4c0a5a6f3ef69d8c33b243f0da65b61c-5-d671a1163f2ec09b267c66945c84ca4ee51e9238","b68bc0bc4c0a5a6f3ef69d8c33b243f0da65b61c","root.record.ItemExhibitList.P5Item.CostElementCategoryList.Support.CostElementList.CostElement.ManufacturerList.Manufacturer.HistoryPlanningList.HistoryPlanning","b68bc0bc4c0a5a6f3ef69d8c33b243f0da65b61c-1-08d34e59fa039eb915d028643d5b325e507ceb8e"
"2015-06","15.000","b68bc0bc4c0a5a6f3ef69d8c33b243f0da65b61c-6-970590cd55d9290956cafc545df2dee8342005e7","b68bc0bc4c0a5a6f3ef69d8c33b243f0da65b61c","root.record.ItemExhibitList.P5Item.CostElementCategoryList.Support.CostElementList.CostElement.ManufacturerList.Manufacturer.HistoryPlanningList.HistoryPlanning","b68bc0bc4c0a5a6f3ef69d8c33b243f0da65b61c-1-08d34e59fa039eb915d028643d5b325e507ceb8e"
"2015-07","15.000","b68bc0bc4c0a5a6f3ef69d8c33b243f0da65b61c-7-98d28677f3b4390b8e4cb5edca3014bc99d0e71b","b68bc0bc4c0a5a6f3ef69d8c33b243f0da65b61c","root.record.ItemExhibitList.P5Item.CostElementCategoryList.Support.CostElementList.CostElement.ManufacturerList.Manufacturer.HistoryPlanningList.HistoryPlanning","b68bc0bc4c0a5a6f3ef69d8c33b243f0da65b61c-1-08d34e59fa039eb915d028643d5b325e507ceb8e"
"2015-08","15.000","b68bc0bc4c0a5a6f3ef69d8c33b243f0da65b61c-8-fb1cb79c53d0c53d1f6210efcfd354d1abd64260","b68bc0bc4c0a5a6f3ef69d8c33b243f0da65b61c","root.record.ItemExhibitList.P5Item.CostElementCategoryList.Support.CostElementList.CostElement.ManufacturerList.Manufacturer.HistoryPlanningList.HistoryPlanning","b68bc0bc4c0a5a6f3ef69d8c33b243f0da65b61c-1-08d34e59fa039eb915d028643d5b325e507ceb8e"
"2015-09","15.000","b68bc0bc4c0a5a6f3ef69d8c33b243f0da65b61c-9-4f70852fc31c10d6cb762decbad44d9c91cf16d5","b68bc0bc4c0a5a6f3ef69d8c33b243f0da65b61c","root.record.ItemExhibitList.P5Item.CostElementCategoryList.Support.CostElementList.CostElement.ManufacturerList.Manufacturer.HistoryPlanningList.HistoryPlanning","b68bc0bc4c0a5a6f3ef69d8c33b243f0da65b61c-1-08d34e59fa039eb915d028643d5b325e507ceb8e"
"2015-10","4.000","b68bc0bc4c0a5a6f3ef69d8c33b243f0da65b61c-10-fede058d5e44614cb0c027d82626d1bfd8cd8554","b68bc0bc4c0a5a6f3ef69d8c33b243f0da65b61c","root.record.ItemExhibitList.P5Item.CostElementCategoryList.Support.CostElementList.CostElement.ManufacturerList.Manufacturer.HistoryPlanningList.HistoryPlanning","b68bc0bc4c0a5a6f3ef69d8c33b243f0da65b61c-1-08d34e59fa039eb915d028643d5b325e507ceb8e"
"2015-11","30.000","b68bc0bc4c0a5a6f3ef69d8c33b243f0da65b61c-0-c6e4d01b821b0d49e3881f9a39bfe40738937684","b68bc0bc4c0a5a6f3ef69d8c33b243f0da65b61c","root.record.ItemExhibitList.P5Item.CostElementCategoryList.Support.CostElementList.CostElement.ManufacturerList.Manufacturer.HistoryPlanningList.HistoryPlanning","b68bc0bc4c0a5a6f3ef69d8c33b243f0da65b61c-2-583785a2a8c88db3ad2d9b3c3a5c0501ac8f01b5"
"2015-12","30.000","b68bc0bc4c0a5a6f3ef69d8c33b243f0da65b61c-1-da2572651f2e2e95c319148d449f10a1863486c2","b68bc0bc4c0a5a6f3ef69d8c33b243f0da65b61c","root.record.ItemExhibitList.P5Item.CostElementCategoryList.Support.CostElementList.CostElement.ManufacturerList.Manufacturer.HistoryPlanningList.HistoryPlanning","b68bc0bc4c0a5a6f3ef69d8c33b243f0da65b61c-2-583785a2a8c88db3ad2d9b3c3a5c0501ac8f01b5"
"2016-01","30.000","b68bc0bc4c0a5a6f3ef69d8c33b243f0da65b61c-2-36271cf8ef3fe08d7e2327e23894be514a74e4c7","b68bc0bc4c0a5a6f3ef69d8c33b243f0da65b61c","root.record.ItemExhibitList.P5Item.CostElementCategoryList.Support.CostElementList.CostElement.ManufacturerList.Manufacturer.HistoryPlanningList.HistoryPlanning","b68bc0bc4c0a5a6f3ef69d8c33b243f0da65b61c-2-583785a2a8c88db3ad2d9b3c3a5c0501ac8f01b5"
"2016-02","30.000","b68bc0bc4c0a5a6f3ef69d8c33b243f0da65b61c-3-3731c4753ed71f50e669fde342a8a2de9dd3a5f9","b68bc0bc4c0a5a6f3ef69d8c33b243f0da65b61c","root.record.ItemExhibitList.P5Item.CostElementCategoryList.Support.CostElementList.CostElement.ManufacturerList.Manufacturer.HistoryPlanningList.HistoryPlanning","b68bc0bc4c0a5a6f3ef69d8c33b243f0da65b61c-2-583785a2a8c88db3ad2d9b3c3a5c0501ac8f01b5"
"2016-03","30.000","b68bc0bc4c0a5a6f3ef69d8c33b243f0da65b61c-4-0422f6d95b779febeae7ef5af51c099593527a75","b68bc0bc4c0a5a6f3ef69d8c33b243f0da65b61c","root.record.ItemExhibitList.P5Item.CostElementCategoryList.Support.CostElementList.CostElement.ManufacturerList.Manufacturer.HistoryPlanningList.HistoryPlanning","b68bc0bc4c0a5a6f3ef69d8c33b243f0da65b61c-2-583785a2a8c88db3ad2d9b3c3a5c0501ac8f01b5"
"2016-04","30.000","b68bc0bc4c0a5a6f3ef69d8c33b243f0da65b61c-5-f04716ded37b7208f2652dd100fcecd37923c99f","b68bc0bc4c0a5a6f3ef69d8c33b243f0da65b61c","root.record.ItemExhibitList.P5Item.CostElementCategoryList.Support.CostElementList.CostElement.ManufacturerList.Manufacturer.HistoryPlanningList.HistoryPlanning","b68bc0bc4c0a5a6f3ef69d8c33b243f0da65b61c-2-583785a2a8c88db3ad2d9b3c3a5c0501ac8f01b5"
"2016-05","30.000","b68bc0bc4c0a5a6f3ef69d8c33b243f0da65b61c-6-5644acb4ceec07869cc0994ea516777dc3d4527d","b68bc0bc4c0a5a6f3ef69d8c33b243f0da65b61c","root.record.ItemExhibitList.P5Item.CostElementCategoryList.Support.CostElementList.CostElement.ManufacturerList.Manufacturer.HistoryPlanningList.HistoryPlanning","b68bc0bc4c0a5a6f3ef69d8c33b243f0da65b61c-2-583785a2a8c88db3ad2d9b3c3a5c0501ac8f01b5"
"2016-06","30.000","b68bc0bc4c0a5a6f3ef69d8c33b243f0da65b61c-7-7d843d367572ea708da2d27a06a311054549664b","b68bc0bc4c0a5a6f3ef69d8c33b243f0da65b61c","root.record.ItemExhibitList.P5Item.CostElementCategoryList.Support.CostElementList.CostElement.ManufacturerList.Manufacturer.HistoryPlanningList.HistoryPlanning","b68bc0bc4c0a5a6f3ef69d8c33b243f0da65b61c-2-583785a2a8c88db3ad2d9b3c3a5c0501ac8f01b5"
"2016-07","30.000","b68bc0bc4c0a5a6f3ef69d8c33b243f0da65b61c-8-8902c56c9ab516be202a2d9d81ba98e79b7acb01","b68bc0bc4c0a5a6f3ef69d8c33b243f0da65b61c","root.record.ItemExhibitList.P5Item.CostElementCategoryList.Support.CostElementList.CostElement.ManufacturerList.Manufacturer.HistoryPlanningList.HistoryPlanning","b68bc0bc4c0a5a6f3ef69d8c33b243f0da65b61c-2-583785a2a8c88db3ad2d9b3c3a5c0501ac8f01b5"
"2016-08","30.000","b68bc0bc4c0a5a6f3ef69d8c33b243f0da65b61c-9-069e3855e6240dbafd844704b687ffd39db80ce4","b68bc0bc4c0a5a6f3ef69d8c33b243f0da65b61c","root.record.ItemExhibitList.P5Item.CostElementCategoryList.Support.CostElementList.CostElement.ManufacturerList.Manufacturer.HistoryPlanningList.HistoryPlanning","b68bc0bc4c0a5a6f3ef69d8c33b243f0da65b61c-2-583785a2a8c88db3ad2d9b3c3a5c0501ac8f01b5"
"2016-09","16.000","b68bc0bc4c0a5a6f3ef69d8c33b243f0da65b61c-10-1a673c5b5a26a63c8acf969ab65a70c47b181eac","b68bc0bc4c0a5a6f3ef69d8c33b243f0da65b61c","root.record.ItemExhibitList.P5Item.CostElementCategoryList.Support.CostElementList.CostElement.ManufacturerList.Manufacturer.HistoryPlanningList.HistoryPlanning","b68bc0bc4c0a5a6f3ef69d8c33b243f0da65b61c-2-583785a2a8c88db3ad2d9b3c3a5c0501ac8f01b5"
"2015-02","15.000","01fbb9a5b33b47c91a86f0564c5b45d8e186b549-0-901a7288821751b6f6d8f5a21d73d01f570fe8d9","01fbb9a5b33b47c91a86f0564c5b45d8e186b549","root.record.ItemExhibitList.P5Item.CostElementCategoryList.Support.CostElementList.CostElement.ManufacturerList.Manufacturer.HistoryPlanningList.HistoryPlanning","01fbb9a5b33b47c91a86f0564c5b45d8e186b549-0-b3dbb846e5e9101f25c322486e9d7a3b4bf4a7df"
"2015-03","15.000","01fbb9a5b33b47c91a86f0564c5b45d8e186b549-1-bac0ef98b5471f26c41dda905678f83bd727321f","01fbb9a5b33b47c91a86f0564c5b45d8e186b549","root.record.ItemExhibitList.P5Item.CostElementCategoryList.Support.CostElementList.CostElement.ManufacturerList.Manufacturer.HistoryPlanningList.HistoryPlanning","01fbb9a5b33b47c91a86f0564c5b45d8e186b549-0-b3dbb846e5e9101f25c322486e9d7a3b4bf4a7df"
"2015-04","15.000","01fbb9a5b33b47c91a86f0564c5b45d8e186b549-2-9179c5db2683ceea111d201ed57b740a451bfad2","01fbb9a5b33b47c91a86f0564c5b45d8e186b549","root.record.ItemExhibitList.P5Item.CostElementCategoryList.Support.CostElementList.CostElement.ManufacturerList.Manufacturer.HistoryPlanningList.HistoryPlanning","01fbb9a5b33b47c91a86f0564c5b45d8e186b549-0-b3dbb846e5e9101f25c322486e9d7a3b4bf4a7df"
"2015-05","15.000","01fbb9a5b33b47c91a86f0564c5b45d8e186b549-3-f2bfc5097f2d3eaabbdd5d5ac13ced34b56ef3cb","01fbb9a5b33b47c91a86f0564c5b45d8e186b549","root.record.ItemExhibitList.P5Item.CostElementCategoryList.Support.CostElementList.CostElement.ManufacturerList.Manufacturer.HistoryPlanningList.HistoryPlanning","01fbb9a5b33b47c91a86f0564c5b45d8e186b549-0-b3dbb846e5e9101f25c322486e9d7a3b4bf4a7df"
"2015-06","15.000","01fbb9a5b33b47c91a86f0564c5b45d8e186b549-4-c5f844afa0faaf0d5819ce258c6a7e3d04d779be","01fbb9a5b33b47c91a86f0564c5b45d8e186b549","root.record.ItemExhibitList.P5Item.CostElementCategoryList.Support.CostElementList.CostElement.ManufacturerList.Manufacturer.HistoryPlanningList.HistoryPlanning","01fbb9a5b33b47c91a86f0564c5b45d8e186b549-0-b3dbb846e5e9101f25c322486e9d7a3b4bf4a7df"
"2015-07","15.000","01fbb9a5b33b47c91a86f0564c5b45d8e186b549-5-b131ca73753602175b771a91dd74c2db857878b7","01fbb9a5b33b47c91a86f0564c5b45d8e186b549","root.record.ItemExhibitList.P5Item.CostElementCategoryList.Support.CostElementList.CostElement.ManufacturerList.Manufacturer.HistoryPlanningList.HistoryPlanning","01fbb9a5b33b47c91a86f0564c5b45d8e186b549-0-b3dbb846e5e9101f25c322486e9d7a3b4bf4a7df"
"2015-08","15.000","01fbb9a5b33b47c91a86f0564c5b45d8e186b549-6-a02bac2b49e3bc6054e64462e098ac8ed177d747","01fbb9a5b33b47c91a86f0564c5b45d8e186b549","root.record.ItemExhibitList.P5Item.CostElementCategoryList.Support.CostElementList.CostElement.ManufacturerList.Manufacturer.HistoryPlanningList.HistoryPlanning","01fbb9a5b33b47c91a86f0564c5b45d8e186b549-0-b3dbb846e5e9101f25c322486e9d7a3b4bf4a7df"
"2015-09","15.000","01fbb9a5b33b47c91a86f0564c5b45d8e186b549-7-a3919d7042af11205c9c86df3b9ca5e25f42d006","01fbb9a5b33b47c91a86f0564c5b45d8e186b549","root.record.ItemExhibitList.P5Item.CostElementCategoryList.Support.CostElementList.CostElement.ManufacturerList.Manufacturer.HistoryPlanningList.HistoryPlanning","01fbb9a5b33b47c91a86f0564c5b45d8e186b549-0-b3dbb846e5e9101f25c322486e9d7a3b4bf4a7df"
"2015-10","15.000","01fbb9a5b33b47c91a86f0564c5b45d8e186b549-8-d574ed530b39afee868cf8c9ad0f29ecfae95bc1","01fbb9a5b33b47c91a86f0564c5b45d8e186b549","root.record.ItemExhibitList.P5Item.CostElementCategoryList.Support.CostElementList.CostElement.ManufacturerList.Manufacturer.HistoryPlanningList.HistoryPlanning","01fbb9a5b33b47c91a86f0564c5b45d8e186b549-0-b3dbb846e5e9101f25c322486e9d7a3b4bf4a7df"
"2015-11","15.000","01fbb9a5b33b47c91a86f0564c5b45d8e186b549-9-6bbb63fd14de675482a9d66f282e62402a64e9cd","01fbb9a5b33b47c91a86f0564c5b45d8e186b549","root.record.ItemExhibitList.P5Item.CostElementCategoryList.Support.CostElementList.CostElement.ManufacturerList.Manufacturer.HistoryPlanningList.HistoryPlanning","01fbb9a5b33b47c91a86f0564c5b45d8e186b549-0-b3dbb846e5e9101f25c322486e9d7a3b4bf4a7df"
"2015-12","15.000","01fbb9a5b33b47c91a86f0564c5b45d8e186b549-10-f6e3f7d1fe6895a6a6caf402ade11c430c7e1f9d","01fbb9a5b33b47c91a86f0564c5b45d8e186b549","root.record.ItemExhibitList.P5Item.CostElementCategoryList.Support.CostElementList.CostElement.ManufacturerList.Manufacturer.HistoryPlanningList.HistoryPlanning","01fbb9a5b33b47c91a86f0564c5b45d8e186b549-0-b3dbb846e5e9101f25c322486e9d7a3b4bf4a7df"
"2016-01","15.000","01fbb9a5b33b47c91a86f0564c5b45d8e186b549-11-bf818e71001cc01d68d898f4ffe928bdfee45c17","01fbb9a5b33b47c91a86f0564c5b45d8e186b549","root.record.ItemExhibitList.P5Item.CostElementCategoryList.Support.CostElementList.CostElement.ManufacturerList.Manufacturer.HistoryPlanningList.HistoryPlanning","01fbb9a5b33b47c91a86f0564c5b45d8e186b549-0-b3dbb846e5e9101f25c322486e9d7a3b4bf4a7df"
"2016-02","15.000","01fbb9a5b33b47c91a86f0564c5b45d8e186b549-12-ee8046e2b531a7811790eb2757dfa43d8e760002","01fbb9a5b33b47c91a86f0564c5b45d8e186b549","root.record.ItemExhibitList.P5Item.CostElementCategoryList.Support.CostElementList.CostElement.ManufacturerList.Manufacturer.HistoryPlanningList.HistoryPlanning","01fbb9a5b33b47c91a86f0564c5b45d8e186b549-0-b3dbb846e5e9101f25c322486e9d7a3b4bf4a7df"
"2016-03","15.000","01fbb9a5b33b47c91a86f0564c5b45d8e186b549-13-831647bb62af2ea7310fbb052ec8582dfbee294f","01fbb9a5b33b47c91a86f0564c5b45d8e186b549","root.record.ItemExhibitList.P5Item.CostElementCategoryList.Support.CostElementList.CostElement.ManufacturerList.Manufacturer.HistoryPlanningList.HistoryPlanning","01fbb9a5b33b47c91a86f0564c5b45d8e186b549-0-b3dbb846e5e9101f25c322486e9d7a3b4bf4a7df"
"2016-04","6.000","01fbb9a5b33b47c91a86f0564c5b45d8e186b549-14-f965e28a221440a0558f8c89a86cf2e33fc75dc9","01fbb9a5b33b47c91a86f0564c5b45d8e186b549","root.record.ItemExhibitList.P5Item.CostElementCategoryList.Support.CostElementList.CostElement.ManufacturerList.Manufacturer.HistoryPlanningList.HistoryPlanning","01fbb9a5b33b47c91a86f0564c5b45d8e186b549-0-b3dbb846e5e9101f25c322486e9d7a3b4bf4a7df"
"2014-02","1","79c7f3d737ccdcc5177888e186b36bfa0c539655-0-1e275eb0f41978caaf3918092822b8bda0743801","79c7f3d737ccdcc5177888e186b36bfa0c539655","root.record.ItemExhibitList.P5Item.CostElementCategoryList.Support.CostElementList.CostElement.ManufacturerList.Manufacturer.HistoryPlanningList.HistoryPlanning","79c7f3d737ccdcc5177888e186b36bfa0c539655-0-251c0e571e458ef76780a38400164c1f70d4e79f"
"2014-03","1","79c7f3d737ccdcc5177888e186b36bfa0c539655-1-116a4303aa02e85752338439ccff57fd430b0cf0","79c7f3d737ccdcc5177888e186b36bfa0c539655","root.record.ItemExhibitList.P5Item.CostElementCategoryList.Support.CostElementList.CostElement.ManufacturerList.Manufacturer.HistoryPlanningList.HistoryPlanning","79c7f3d737ccdcc5177888e186b36bfa0c539655-0-251c0e571e458ef76780a38400164c1f70d4e79f"
"2014-04","1","79c7f3d737ccdcc5177888e186b36bfa0c539655-2-727ab4877a8fe5b548f413a08d97fad5d41f31c9","79c7f3d737ccdcc5177888e186b36bfa0c539655","root.record.ItemExhibitList.P5Item.CostElementCategoryList.Support.CostElementList.CostElement.ManufacturerList.Manufacturer.HistoryPlanningList.HistoryPlanning","79c7f3d737ccdcc5177888e186b36bfa0c539655-0-251c0e571e458ef76780a38400164c1f70d4e79f"
"2014-05","1","79c7f3d737ccdcc5177888e186b36bfa0c539655-3-edf4d4a6be157e0cdbedcfc522062ddf4cbbab2a","79c7f3d737ccdcc5177888e186b36bfa0c539655","root.record.ItemExhibitList.P5Item.CostElementCategoryList.Support.CostElementList.CostElement.ManufacturerList.Manufacturer.HistoryPlanningList.HistoryPlanning","79c7f3d737ccdcc5177888e186b36bfa0c539655-0-251c0e571e458ef76780a38400164c1f70d4e79f"
"2015-02","1","79c7f3d737ccdcc5177888e186b36bfa0c539655-0-7090ad1c374cb89b52022b31be5416f15b493beb","79c7f3d737ccdcc5177888e186b36bfa0c539655","root.record.ItemExhibitList.P5Item.CostElementCategoryList.Support.CostElementList.CostElement.ManufacturerList.Manufacturer.HistoryPlanningList.HistoryPlanning","79c7f3d737ccdcc5177888e186b36bfa0c539655-1-d48c93b4e77935e4a65138cd9655f83b759e9728"
"2015-03","1","79c7f3d737ccdcc5177888e186b36bfa0c539655-1-ccb4d49c14c2a87a0ba716aa1697f3f3fb04a4de","79c7f3d737ccdcc5177888e186b36bfa0c539655","root.record.ItemExhibitList.P5Item.CostElementCategoryList.Support.CostElementList.CostElement.ManufacturerList.Manufacturer.HistoryPlanningList.HistoryPlanning","79c7f3d737ccdcc5177888e186b36bfa0c539655-1-d48c93b4e77935e4a65138cd9655f83b759e9728"
"2015-04","1","79c7f3d737ccdcc5177888e186b36bfa0c539655-2-1f238888c38b822e8e66a6076cac2475e5cb7c51","79c7f3d737ccdcc5177888e186b36bfa0c539655","root.record.ItemExhibitList.P5Item.CostElementCategoryList.Support.CostElementList.CostElement.ManufacturerList.Manufacturer.HistoryPlanningList.HistoryPlanning","79c7f3d737ccdcc5177888e186b36bfa0c539655-1-d48c93b4e77935e4a65138cd9655f83b759e9728"
"2015-05","1","79c7f3d737ccdcc5177888e186b36bfa0c539655-3-39b57fc86a0c57ef78c3b773f32e5be6987f36f9","79c7f3d737ccdcc5177888e186b36bfa0c539655","root.record.ItemExhibitList.P5Item.CostElementCategoryList.Support.CostElementList.CostElement.ManufacturerList.Manufacturer.HistoryPlanningList.HistoryPlanning","79c7f3d737ccdcc5177888e186b36bfa0c539655-1-d48c93b4e77935e4a65138cd9655f83b759e9728"
"2015-06","1","79c7f3d737ccdcc5177888e186b36bfa0c539655-4-4c2189e6e0fcf2507b438d3ee730d449e44f0c06","79c7f3d737ccdcc5177888e186b36bfa0c539655","root.record.ItemExhibitList.P5Item.CostElementCategoryList.Support.CostElementList.CostElement.ManufacturerList.Manufacturer.HistoryPlanningList.HistoryPlanning","79c7f3d737ccdcc5177888e186b36bfa0c539655-1-d48c93b4e77935e4a65138cd9655f83b759e9728"
"2015-07","1","79c7f3d737ccdcc5177888e186b36bfa0c539655-5-16e9628a8ff3af3636fec6f505f0366818de9fca","79c7f3d737ccdcc5177888e186b36bfa0c539655","root.record.ItemExhibitList.P5Item.CostElementCategoryList.Support.CostElementList.CostElement.ManufacturerList.Manufacturer.HistoryPlanningList.HistoryPlanning","79c7f3d737ccdcc5177888e186b36bfa0c539655-1-d48c93b4e77935e4a65138cd9655f83b759e9728"
"2015-08","1","79c7f3d737ccdcc5177888e186b36bfa0c539655-6-e0dd9f03f1fb3e3a15ed2fbeda2ba8f7a8e22a1f","79c7f3d737ccdcc5177888e186b36bfa0c539655","root.record.ItemExhibitList.P5Item.CostElementCategoryList.Support.CostElementList.CostElement.ManufacturerList.Manufacturer.HistoryPlanningList.HistoryPlanning","79c7f3d737ccdcc5177888e186b36bfa0c539655-1-d48c93b4e77935e4a65138cd9655f83b759e9728"
"2015-09","1","79c7f3d737ccdcc5177888e186b36bfa0c539655-7-bf4ec1449ee812a5bc4f3ce04c344c8ec34b0ae0","79c7f3d737ccdcc5177888e186b36bfa0c539655","root.record.ItemExhibitList.P5Item.CostElementCategoryList.Support.CostElementList.CostElement.ManufacturerList.Manufacturer.HistoryPlanningList.HistoryPlanning","79c7f3d737ccdcc5177888e186b36bfa0c539655-1-d48c93b4e77935e4a65138cd9655f83b759e9728"
"2015-10","1","79c7f3d737ccdcc5177888e186b36bfa0c539655-8-4b470d33d965c4570e26783dd991b09e12fa4e14","79c7f3d737ccdcc5177888e186b36bfa0c539655","root.record.ItemExhibitList.P5Item.CostElementCategoryList.Support.CostElementList.CostElement.ManufacturerList.Manufacturer.HistoryPlanningList.HistoryPlanning","79c7f3d737ccdcc5177888e186b36bfa0c539655-1-d48c93b4e77935e4a65138cd9655f83b759e9728"
"2015-11","1","79c7f3d737ccdcc5177888e186b36bfa0c539655-9-e6cfe23847583c07f0233a497d827ca46f7a2c9b","79c7f3d737ccdcc5177888e186b36bfa0c539655","root.record.ItemExhibitList.P5Item.CostElementCategoryList.Support.CostElementList.CostElement.ManufacturerList.Manufacturer.HistoryPlanningList.HistoryPlanning","79c7f3d737ccdcc5177888e186b36bfa0c539655-1-d48c93b4e77935e4a65138cd9655f83b759e9728"
"2015-12","1","79c7f3d737ccdcc5177888e186b36bfa0c539655-10-c72c229218cc26c5670bfc467cb5b4d7835be399","79c7f3d737ccdcc5177888e186b36bfa0c539655","root.record.ItemExhibitList.P5Item.CostElementCategoryList.Support.CostElementList.CostElement.ManufacturerList.Manufacturer.HistoryPlanningList.HistoryPlanning","79c7f3d737ccdcc5177888e186b36bfa0c539655-1-d48c93b4e77935e4a65138cd9655f83b759e9728"
"2016-01","1","79c7f3d737ccdcc5177888e186b36bfa0c539655-11-7482aaf806e5c9149f94b463b2ab786e65c2a814","79c7f3d737ccdcc5177888e186b36bfa0c539655","root.record.ItemExhibitList.P5Item.CostElementCategoryList.Support.CostElementList.CostElement.ManufacturerList.Manufacturer.HistoryPlanningList.HistoryPlanning","79c7f3d737ccdcc5177888e186b36bfa0c539655-1-d48c93b4e77935e4a65138cd9655f83b759e9728"
"2016-02","1","79c7f3d737ccdcc5177888e186b36bfa0c539655-0-5a182815e106724fb340183b85d2d907aabeb4f6","79c7f3d737ccdcc5177888e186b36bfa0c539655","root.record.ItemExhibitList.P5Item.CostElementCategoryList.Support.CostElementList.CostElement.ManufacturerList.Manufacturer.HistoryPlanningList.HistoryPlanning","79c7f3d737ccdcc5177888e186b36bfa0c539655-2-75ae60005a422097099458f1636ba7fa5a5cdb5b"
"2016-03","1","79c7f3d737ccdcc5177888e186b36bfa0c539655-1-72f4ec2da9dadc2b397465e0bb7ca69f45062cb7","79c7f3d737ccdcc5177888e186b36bfa0c539655","root.record.ItemExhibitList.P5Item.CostElementCategoryList.Support.CostElementList.CostElement.ManufacturerList.Manufacturer.HistoryPlanningList.HistoryPlanning","79c7f3d737ccdcc5177888e186b36bfa0c539655-2-75ae60005a422097099458f1636ba7fa5a5cdb5b"
"2016-04","1","79c7f3d737ccdcc5177888e186b36bfa0c539655-2-09725637098ab8af2f095de47b1bc9e9966c45d8","79c7f3d737ccdcc5177888e186b36bfa0c539655","root.record.ItemExhibitList.P5Item.CostElementCategoryList.Support.CostElementList.CostElement.ManufacturerList.Manufacturer.HistoryPlanningList.HistoryPlanning","79c7f3d737ccdcc5177888e186b36bfa0c539655-2-75ae60005a422097099458f1636ba7fa5a5cdb5b"
"2016-05","1","79c7f3d737ccdcc5177888e186b36bfa0c539655-3-5fdd6426f8535b6afe5b3b74b2c6d89651cd30ca","79c7f3d737ccdcc5177888e186b36bfa0c539655","root.record.ItemExhibitList.P5Item.CostElementCategoryList.Support.CostElementList.CostElement.ManufacturerList.Manufacturer.HistoryPlanningList.HistoryPlanning","79c7f3d737ccdcc5177888e186b36bfa0c539655-2-75ae60005a422097099458f1636ba7fa5a5cdb5b"
"2016-06","1","79c7f3d737ccdcc5177888e186b36bfa0c539655-4-aa39ebd1d28381cb5f0a0a98b67c85f3bed920a5","79c7f3d737ccdcc5177888e186b36bfa0c539655","root.record.ItemExhibitList.P5Item.CostElementCategoryList.Support.CostElementList.CostElement.ManufacturerList.Manufacturer.HistoryPlanningList.HistoryPlanning","79c7f3d737ccdcc5177888e186b36bfa0c539655-2-75ae60005a422097099458f1636ba7fa5a5cdb5b"
"2016-07","1","79c7f3d737ccdcc5177888e186b36bfa0c539655-5-d97879fbc38f89634725e2591fa1d84051333e70","79c7f3d737ccdcc5177888e186b36bfa0c539655","root.record.ItemExhibitList.P5Item.CostElementCategoryList.Support.CostElementList.CostElement.ManufacturerList.Manufacturer.HistoryPlanningList.HistoryPlanning","79c7f3d737ccdcc5177888e186b36bfa0c539655-2-75ae60005a422097099458f1636ba7fa5a5cdb5b"
"2016-08","1","79c7f3d737ccdcc5177888e186b36bfa0c539655-6-791b022be1e23aacb94cecf592cb43623a49972a","79c7f3d737ccdcc5177888e186b36bfa0c539655","root.record.ItemExhibitList.P5Item.CostElementCategoryList.Support.CostElementList.CostElement.ManufacturerList.Manufacturer.HistoryPlanningList.HistoryPlanning","79c7f3d737ccdcc5177888e186b36bfa0c539655-2-75ae60005a422097099458f1636ba7fa5a5cdb5b"
"2016-09","1","79c7f3d737ccdcc5177888e186b36bfa0c539655-7-a287e173e88598d598ea59f3b33c0d987ddd33ba","79c7f3d737ccdcc5177888e186b36bfa0c539655","root.record.ItemExhibitList.P5Item.CostElementCategoryList.Support.CostElementList.CostElement.ManufacturerList.Manufacturer.HistoryPlanningList.HistoryPlanning","79c7f3d737ccdcc5177888e186b36bfa0c539655-2-75ae60005a422097099458f1636ba7fa5a5cdb5b"
"2016-10","1","79c7f3d737ccdcc5177888e186b36bfa0c539655-8-908fc8bf6b97516015e36818b2c6c905688311e3","79c7f3d737ccdcc5177888e186b36bfa0c539655","root.record.ItemExhibitList.P5Item.CostElementCategoryList.Support.CostElementList.CostElement.ManufacturerList.Manufacturer.HistoryPlanningList.HistoryPlanning","79c7f3d737ccdcc5177888e186b36bfa0c539655-2-75ae60005a422097099458f1636ba7fa5a5cdb5b"
"2016-11","1","79c7f3d737ccdcc5177888e186b36bfa0c539655-9-f6152ce4af448daef35ddee4a8c7000394c199ef","79c7f3d737ccdcc5177888e186b36bfa0c539655","root.record.ItemExhibitList.P5Item.CostElementCategoryList.Support.CostElementList.CostElement.ManufacturerList.Manufacturer.HistoryPlanningList.HistoryPlanning","79c7f3d737ccdcc5177888e186b36bfa0c539655-2-75ae60005a422097099458f1636ba7fa5a5cdb5b"
"2016-12","1","79c7f3d737ccdcc5177888e186b36bfa0c539655-10-945e0c032d326f66896a52cea2f1612ea2e82091","79c7f3d737ccdcc5177888e186b36bfa0c539655","root.record.ItemExhibitList.P5Item.CostElementCategoryList.Support.CostElementList.CostElement.ManufacturerList.Manufacturer.HistoryPlanningList.HistoryPlanning","79c7f3d737ccdcc5177888e186b36bfa0c539655-2-75ae60005a422097099458f1636ba7fa5a5cdb5b"
"2017-01","1","79c7f3d737ccdcc5177888e186b36bfa0c539655-11-b46eb95f715ae05d74c035d7b23b3f5e58ed9ff3","79c7f3d737ccdcc5177888e186b36bfa0c539655","root.record.ItemExhibitList.P5Item.CostElementCategoryList.Support.CostElementList.CostElement.ManufacturerList.Manufacturer.HistoryPlanningList.HistoryPlanning","79c7f3d737ccdcc5177888e186b36bfa0c539655-2-75ae60005a422097099458f1636ba7fa5a5cdb5b"
"2017-02","1","79c7f3d737ccdcc5177888e186b36bfa0c539655-0-0cfd32379e398ff8e70c2c2a62b5cf5f0b3623c3","79c7f3d737ccdcc5177888e186b36bfa0c539655","root.record.ItemExhibitList.P5Item.CostElementCategoryList.Support.CostElementList.CostElement.ManufacturerList.Manufacturer.HistoryPlanningList.HistoryPlanning","79c7f3d737ccdcc5177888e186b36bfa0c539655-3-c083ab237bc48f392b3826bde2ec788393cf3bb3"
"2017-03","1","79c7f3d737ccdcc5177888e186b36bfa0c539655-1-f4a68162b601d7298aed8c8f7e9e6f35371a6766","79c7f3d737ccdcc5177888e186b36bfa0c539655","root.record.ItemExhibitList.P5Item.CostElementCategoryList.Support.CostElementList.CostElement.ManufacturerList.Manufacturer.HistoryPlanningList.HistoryPlanning","79c7f3d737ccdcc5177888e186b36bfa0c539655-3-c083ab237bc48f392b3826bde2ec788393cf3bb3"
"2017-04","1","79c7f3d737ccdcc5177888e186b36bfa0c539655-2-e4e085bfcbdfc6b3a291f1640ff984f8c3e9de1b","79c7f3d737ccdcc5177888e186b36bfa0c539655","root.record.ItemExhibitList.P5Item.CostElementCategoryList.Support.CostElementList.CostElement.ManufacturerList.Manufacturer.HistoryPlanningList.HistoryPlanning","79c7f3d737ccdcc5177888e186b36bfa0c539655-3-c083ab237bc48f392b3826bde2ec788393cf3bb3"
"2017-05","1","79c7f3d737ccdcc5177888e186b36bfa0c539655-3-7a821b4e20baf3b350c56e7d81d749efbdbbf5cd","79c7f3d737ccdcc5177888e186b36bfa0c539655","root.record.ItemExhibitList.P5Item.CostElementCategoryList.Support.CostElementList.CostElement.ManufacturerList.Manufacturer.HistoryPlanningList.HistoryPlanning","79c7f3d737ccdcc5177888e186b36bfa0c539655-3-c083ab237bc48f392b3826bde2ec788393cf3bb3"
"2017-06","1","79c7f3d737ccdcc5177888e186b36bfa0c539655-4-23bdce243430e1f83538df26b10c16a0f22f8c13","79c7f3d737ccdcc5177888e186b36bfa0c539655","root.record.ItemExhibitList.P5Item.CostElementCategoryList.Support.CostElementList.CostElement.ManufacturerList.Manufacturer.HistoryPlanningList.HistoryPlanning","79c7f3d737ccdcc5177888e186b36bfa0c539655-3-c083ab237bc48f392b3826bde2ec788393cf3bb3"
"2017-07","1","79c7f3d737ccdcc5177888e186b36bfa0c539655-5-298d4f8bcd757c0315b206b7a620e1a0fcb04458","79c7f3d737ccdcc5177888e186b36bfa0c539655","root.record.ItemExhibitList.P5Item.CostElementCategoryList.Support.CostElementList.CostElement.ManufacturerList.Manufacturer.HistoryPlanningList.HistoryPlanning","79c7f3d737ccdcc5177888e186b36bfa0c539655-3-c083ab237bc48f392b3826bde2ec788393cf3bb3"
"2017-08","1","79c7f3d737ccdcc5177888e186b36bfa0c539655-6-b242ea67879952d372ab4ae1ded607f71defe32e","79c7f3d737ccdcc5177888e186b36bfa0c539655","root.record.ItemExhibitList.P5Item.CostElementCategoryList.Support.CostElementList.CostElement.ManufacturerList.Manufacturer.HistoryPlanningList.HistoryPlanning","79c7f3d737ccdcc5177888e186b36bfa0c539655-3-c083ab237bc48f392b3826bde2ec788393cf3bb3"
"2017-09","1","79c7f3d737ccdcc5177888e186b36bfa0c539655-7-9cdb916ccd69b216746ee96348a23bc41bf5e55b","79c7f3d737ccdcc5177888e186b36bfa0c539655","root.record.ItemExhibitList.P5Item.CostElementCategoryList.Support.CostElementList.CostElement.ManufacturerList.Manufacturer.HistoryPlanningList.HistoryPlanning","79c7f3d737ccdcc5177888e186b36bfa0c539655-3-c083ab237bc48f392b3826bde2ec788393cf3bb3"
"2017-10","1","79c7f3d737ccdcc5177888e186b36bfa0c539655-8-9b10717f44cd1dc592324be1fe200e65a780e627","79c7f3d737ccdcc5177888e186b36bfa0c539655","root.record.ItemExhibitList.P5Item.CostElementCategoryList.Support.CostElementList.CostElement.ManufacturerList.Manufacturer.HistoryPlanningList.HistoryPlanning","79c7f3d737ccdcc5177888e186b36bfa0c539655-3-c083ab237bc48f392b3826bde2ec788393cf3bb3"
"2017-11","1","79c7f3d737ccdcc5177888e186b36bfa0c539655-9-d9d3a2b99e90b93e37e8dda941ca22a74d633475","79c7f3d737ccdcc5177888e186b36bfa0c539655","root.record.ItemExhibitList.P5Item.CostElementCategoryList.Support.CostElementList.CostElement.ManufacturerList.Manufacturer.HistoryPlanningList.HistoryPlanning","79c7f3d737ccdcc5177888e186b36bfa0c539655-3-c083ab237bc48f392b3826bde2ec788393cf3bb3"
"2017-12","1","79c7f3d737ccdcc5177888e186b36bfa0c539655-10-3e67f7149f133d784d80cdf8dbb894636fd069f1","79c7f3d737ccdcc5177888e186b36bfa0c539655","root.record.ItemExhibitList.P5Item.CostElementCategoryList.Support.CostElementList.CostElement.ManufacturerList.Manufacturer.HistoryPlanningList.HistoryPlanning","79c7f3d737ccdcc5177888e186b36bfa0c539655-3-c083ab237bc48f392b3826bde2ec788393cf3bb3"
"2018-01","1","79c7f3d737ccdcc5177888e186b36bfa0c539655-11-9cb17f03b1099c713c4136fc97415584de30978d","79c7f3d737ccdcc5177888e186b36bfa0c539655","root.record.ItemExhibitList.P5Item.CostElementCategoryList.Support.CostElementList.CostElement.ManufacturerList.Manufacturer.HistoryPlanningList.HistoryPlanning","79c7f3d737ccdcc5177888e186b36bfa0c539655-3-c083ab237bc48f392b3826bde2ec788393cf3bb3"
"2018-02","1","79c7f3d737ccdcc5177888e186b36bfa0c539655-0-953fdb89c6b41122b64c0deabc25470cec78c930","79c7f3d737ccdcc5177888e186b36bfa0c539655","root.record.ItemExhibitList.P5Item.CostElementCategoryList.Support.CostElementList.CostElement.ManufacturerList.Manufacturer.HistoryPlanningList.HistoryPlanning","79c7f3d737ccdcc5177888e186b36bfa0c539655-4-2a821950e8fe5e0ab1bb1977f30001390dde0db3"
"2018-03","1","79c7f3d737ccdcc5177888e186b36bfa0c539655-1-a9e9fdfd504fe0839d1cfca4fd0c8dc5bc1446df","79c7f3d737ccdcc5177888e186b36bfa0c539655","root.record.ItemExhibitList.P5Item.CostElementCategoryList.Support.CostElementList.CostElement.ManufacturerList.Manufacturer.HistoryPlanningList.HistoryPlanning","79c7f3d737ccdcc5177888e186b36bfa0c539655-4-2a821950e8fe5e0ab1bb1977f30001390dde0db3"
"2018-04","1","79c7f3d737ccdcc5177888e186b36bfa0c539655-2-3eb38bc564676317c6d3a61e7a5a3fe5829099df","79c7f3d737ccdcc5177888e186b36bfa0c539655","root.record.ItemExhibitList.P5Item.CostElementCategoryList.Support.CostElementList.CostElement.ManufacturerList.Manufacturer.HistoryPlanningList.HistoryPlanning","79c7f3d737ccdcc5177888e186b36bfa0c539655-4-2a821950e8fe5e0ab1bb1977f30001390dde0db3"
"2018-05","1","79c7f3d737ccdcc5177888e186b36bfa0c539655-3-03e240e211faae4db7ff1e126bf4e985e730e6ba","79c7f3d737ccdcc5177888e186b36bfa0c539655","root.record.ItemExhibitList.P5Item.CostElementCategoryList.Support.CostElementList.CostElement.ManufacturerList.Manufacturer.HistoryPlanningList.HistoryPlanning","79c7f3d737ccdcc5177888e186b36bfa0c539655-4-2a821950e8fe5e0ab1bb1977f30001390dde0db3"
"2018-06","1","79c7f3d737ccdcc5177888e186b36bfa0c539655-4-40da785842e19c10b29b796ab46b0ad293a91162","79c7f3d737ccdcc5177888e186b36bfa0c539655","root.record.ItemExhibitList.P5Item.CostElementCategoryList.Support.CostElementList.CostElement.ManufacturerList.Manufacturer.HistoryPlanningList.HistoryPlanning","79c7f3d737ccdcc5177888e186b36bfa0c539655-4-2a821950e8fe5e0ab1bb1977f30001390dde0db3"
"2018-07","1","79c7f3d737ccdcc5177888e186b36bfa0c539655-5-fcee60e9b5652449a69c2d8dca570bbdbc26281b","79c7f3d737ccdcc5177888e186b36bfa0c539655","root.record.ItemExhibitList.P5Item.CostElementCategoryList.Support.CostElementList.CostElement.ManufacturerList.Manufacturer.HistoryPlanningList.HistoryPlanning","79c7f3d737ccdcc5177888e186b36bfa0c539655-4-2a821950e8fe5e0ab1bb1977f30001390dde0db3"
"2018-08","1","79c7f3d737ccdcc5177888e186b36bfa0c539655-6-b32777da5b9a0f22dadbddb716050848b8e4c513","79c7f3d737ccdcc5177888e186b36bfa0c539655","root.record.ItemExhibitList.P5Item.CostElementCategoryList.Support.CostElementList.CostElement.ManufacturerList.Manufacturer.HistoryPlanningList.HistoryPlanning","79c7f3d737ccdcc5177888e186b36bfa0c539655-4-2a821950e8fe5e0ab1bb1977f30001390dde0db3"
"2018-09","1","79c7f3d737ccdcc5177888e186b36bfa0c539655-7-794c38fc9fc833163e678645ef9333eba0b83724","79c7f3d737ccdcc5177888e186b36bfa0c539655","root.record.ItemExhibitList.P5Item.CostElementCategoryList.Support.CostElementList.CostElement.ManufacturerList.Manufacturer.HistoryPlanningList.HistoryPlanning","79c7f3d737ccdcc5177888e186b36bfa0c539655-4-2a821950e8fe5e0ab1bb1977f30001390dde0db3"
"2018-10","1","79c7f3d737ccdcc5177888e186b36bfa0c539655-8-2ef76a5f009fb09f6e4f2ff7a3be17c85ad47a70","79c7f3d737ccdcc5177888e186b36bfa0c539655","root.record.ItemExhibitList.P5Item.CostElementCategoryList.Support.CostElementList.CostElement.ManufacturerList.Manufacturer.HistoryPlanningList.HistoryPlanning","79c7f3d737ccdcc5177888e186b36bfa0c539655-4-2a821950e8fe5e0ab1bb1977f30001390dde0db3"
"2018-11","1","79c7f3d737ccdcc5177888e186b36bfa0c539655-9-cb4b503d44420d8e5858270167aa48603dac75db","79c7f3d737ccdcc5177888e186b36bfa0c539655","root.record.ItemExhibitList.P5Item.CostElementCategoryList.Support.CostElementList.CostElement.ManufacturerList.Manufacturer.HistoryPlanningList.HistoryPlanning","79c7f3d737ccdcc5177888e186b36bfa0c539655-4-2a821950e8fe5e0ab1bb1977f30001390dde0db3"
"2018-12","1","79c7f3d737ccdcc5177888e186b36bfa0c539655-10-1c33cc4ffe969a2ac58c3968676e16a2f7fd8a1d","79c7f3d737ccdcc5177888e186b36bfa0c539655","root.record.ItemExhibitList.P5Item.CostElementCategoryList.Support.CostElementList.CostElement.ManufacturerList.Manufacturer.HistoryPlanningList.HistoryPlanning","79c7f3d737ccdcc5177888e186b36bfa0c539655-4-2a821950e8fe5e0ab1bb1977f30001390dde0db3"
"2019-01","1","79c7f3d737ccdcc5177888e186b36bfa0c539655-11-23209ab6733463b502e1fda92fbe74f0c9d3971e","79c7f3d737ccdcc5177888e186b36bfa0c539655","root.record.ItemExhibitList.P5Item.CostElementCategoryList.Support.CostElementList.CostElement.ManufacturerList.Manufacturer.HistoryPlanningList.HistoryPlanning","79c7f3d737ccdcc5177888e186b36bfa0c539655-4-2a821950e8fe5e0ab1bb1977f30001390dde0db3"
"2019-02","1","79c7f3d737ccdcc5177888e186b36bfa0c539655-0-55f3a78e7faee7f96be17e6a1affbddc94c398eb","79c7f3d737ccdcc5177888e186b36bfa0c539655","root.record.ItemExhibitList.P5Item.CostElementCategoryList.Support.CostElementList.CostElement.ManufacturerList.Manufacturer.HistoryPlanningList.HistoryPlanning","79c7f3d737ccdcc5177888e186b36bfa0c539655-5-568f7ac9499912c285363c6b7ccf6165ba33244a"
"2019-03","1","79c7f3d737ccdcc5177888e186b36bfa0c539655-1-8721f35c4e79af0e496d78c508c1c53c6fe52aee","79c7f3d737ccdcc5177888e186b36bfa0c539655","root.record.ItemExhibitList.P5Item.CostElementCategoryList.Support.CostElementList.CostElement.ManufacturerList.Manufacturer.HistoryPlanningList.HistoryPlanning","79c7f3d737ccdcc5177888e186b36bfa0c539655-5-568f7ac9499912c285363c6b7ccf6165ba33244a"
"2019-04","1","79c7f3d737ccdcc5177888e186b36bfa0c539655-2-8130504f1a538af21d1977e7052cb14565f61b78","79c7f3d737ccdcc5177888e186b36bfa0c539655","root.record.ItemExhibitList.P5Item.CostElementCategoryList.Support.CostElementList.CostElement.ManufacturerList.Manufacturer.HistoryPlanningList.HistoryPlanning","79c7f3d737ccdcc5177888e186b36bfa0c539655-5-568f7ac9499912c285363c6b7ccf6165ba33244a"
"2019-05","1","79c7f3d737ccdcc5177888e186b36bfa0c539655-3-14c32a70d58508ab14548c91bb49f802452c823d","79c7f3d737ccdcc5177888e186b36bfa0c539655","root.record.ItemExhibitList.P5Item.CostElementCategoryList.Support.CostElementList.CostElement.ManufacturerList.Manufacturer.HistoryPlanningList.HistoryPlanning","79c7f3d737ccdcc5177888e186b36bfa0c539655-5-568f7ac9499912c285363c6b7ccf6165ba33244a"
"2019-06","1","79c7f3d737ccdcc5177888e186b36bfa0c539655-4-a4a614c90f62251347416f862fdb49a66f1a8d04","79c7f3d737ccdcc5177888e186b36bfa0c539655","root.record.ItemExhibitList.P5Item.CostElementCategoryList.Support.CostElementList.CostElement.ManufacturerList.Manufacturer.HistoryPlanningList.HistoryPlanning","79c7f3d737ccdcc5177888e186b36bfa0c539655-5-568f7ac9499912c285363c6b7ccf6165ba33244a"
"2019-07","1","79c7f3d737ccdcc5177888e186b36bfa0c539655-5-e668c45389031703512d0cb0dde4d708472e169a","79c7f3d737ccdcc5177888e186b36bfa0c539655","root.record.ItemExhibitList.P5Item.CostElementCategoryList.Support.CostElementList.CostElement.ManufacturerList.Manufacturer.HistoryPlanningList.HistoryPlanning","79c7f3d737ccdcc5177888e186b36bfa0c539655-5-568f7ac9499912c285363c6b7ccf6165ba33244a"
"2019-08","1","79c7f3d737ccdcc5177888e186b36bfa0c539655-6-cce5ce6281bf3441298526634f08d23fa52fb9a1","79c7f3d737ccdcc5177888e186b36bfa0c539655","root.record.ItemExhibitList.P5Item.CostElementCategoryList.Support.CostElementList.CostElement.ManufacturerList.Manufacturer.HistoryPlanningList.HistoryPlanning","79c7f3d737ccdcc5177888e186b36bfa0c539655-5-568f7ac9499912c285363c6b7ccf6165ba33244a"
"2019-09","1","79c7f3d737ccdcc5177888e186b36bfa0c539655-7-96bb3806380b65104e132971c77a3f827bcf9858","79c7f3d737ccdcc5177888e186b36bfa0c539655","root.record.ItemExhibitList.P5Item.CostElementCategoryList.Support.CostElementList.CostElement.ManufacturerList.Manufacturer.HistoryPlanningList.HistoryPlanning","79c7f3d737ccdcc5177888e186b36bfa0c539655-5-568f7ac9499912c285363c6b7ccf6165ba33244a"
"2019-10","1","79c7f3d737ccdcc5177888e186b36bfa0c539655-8-03182879bf36f2a45ce876297c7de761afb35c15","79c7f3d737ccdcc5177888e186b36bfa0c539655","root.record.ItemExhibitList.P5Item.CostElementCategoryList.Support.CostElementList.CostElement.ManufacturerList.Manufacturer.HistoryPlanningList.HistoryPlanning","79c7f3d737ccdcc5177888e186b36bfa0c539655-5-568f7ac9499912c285363c6b7ccf6165ba33244a"
"2019-11","1","79c7f3d737ccdcc5177888e186b36bfa0c539655-9-8a68127b46558dfb62a0598ac0da710dec373874","79c7f3d737ccdcc5177888e186b36bfa0c539655","root.record.ItemExhibitList.P5Item.CostElementCategoryList.Support.CostElementList.CostElement.ManufacturerList.Manufacturer.HistoryPlanningList.HistoryPlanning","79c7f3d737ccdcc5177888e186b36bfa0c539655-5-568f7ac9499912c285363c6b7ccf6165ba33244a"
"2019-12","1","79c7f3d737ccdcc5177888e186b36bfa0c539655-10-3645772c24eab98c989c51730cbeae52e2aaa864","79c7f3d737ccdcc5177888e186b36bfa0c539655","root.record.ItemExhibitList.P5Item.CostElementCategoryList.Support.CostElementList.CostElement.ManufacturerList.Manufacturer.HistoryPlanningList.HistoryPlanning","79c7f3d737ccdcc5177888e186b36bfa0c539655-5-568f7ac9499912c285363c6b7ccf6165ba33244a"
"2020-01","1","79c7f3d737ccdcc5177888e186b36bfa0c539655-11-ba66bef942e569b82051cdaa23ee31d6bda4f5a4","79c7f3d737ccdcc5177888e186b36bfa0c539655","root.record.ItemExhibitList.P5Item.CostElementCategoryList.Support.CostElementList.CostElement.ManufacturerList.Manufacturer.HistoryPlanningList.HistoryPlanning","79c7f3d737ccdcc5177888e186b36bfa0c539655-5-568f7ac9499912c285363c6b7ccf6165ba33244a"
